Workbook

Sheet Sheet1
A1: 序号 | B1: 系列 | C1: 编码 | D1: 图号 | E1: 名称 | F1: 型号 | G1: 款数 | H1: 替代编码 | I1: 替代型号 | J1: 送检开始计划 | K1: 送检结束（获检验报告）计划 | L1: 中试开始计划 | M1: 中试结束计划 | N1: 批产开始计划 | O1: 批产结束计划 | P1: 上市 计划 | Q1: 送检开始 实际 | R1: 送检结束（获检验报告） 实际 | S1: 中试开始 实际 | T1: 中试结束 实际 | U1: 批产开始 实际 | V1: 批产结束 实际 | W1: 上市 实际 | X1: 获证实际 | Y1: 送检开始监控 | Z1: 送检结束监控 | AA1: 中试开始监控 | AB1: 中试结束监控 | AC1: 批产开始监控 | AD1: 批产结束监控 | AE1: 获证状态 | AF1: 上市状态 | AG1: 项目状态 | AH1: 监控标记 （0取消监控） | AI1: 备注 | AJ1: 产品复杂度 | AK1: 负责人 | AL1: 开发方式 | AM1: 产品当前阶段/状态 | AN1: 按计划下一步推进节点 | AO1: 新标实施日期 | AP1: 过渡期截至 （证书自动失效日期）
A2: 40 | B2: 工业消防 | C2: 19902049 | E2: 线型光束感烟火灾探测器（中科永安项目） | F2: JTY-VFD/SF-EI201(12mm) | G2: 1 | H2: - | I2: - | J2: 45868 | K2: 46011 | L2: 46022 | M2: =IF((L2+IF(AJ2="高",45,30))>P2,P2-30,L2+IF(AJ2="高",45,30)) -> 46052 | N2: =P2-IF(AJ2="高",50,30) -> 46083 | O2: =P2 -> 46113 | P2: 46113 | Q2: 45863 | R2: 46001 | S2: 46037 | X2: 46022 | Y2: {=_xlfn.SWITCH(TRUE,ISNUMBER(Q2)*Q2>J2,"逾期完成",ISNUMBER(Q2),"按期完成",J2>TODAY(),"待完成","逾期未完成")} -> 按期完成 | Z2: {=_xlfn.SWITCH(TRUE,ISNUMBER(R2)*R2>K2,"逾期完成",ISNUMBER(R2),"按期完成",K2>TODAY(),"待完成","逾期未完成")} -> 按期完成 | AA2: {=_xlfn.SWITCH(TRUE,ISNUMBER(S2)*S2>L2,"逾期完成",ISNUMBER(S2),"按期完成",L2>TODAY(),"待完成","逾期未完成")} -> 逾期完成 | AB2: {=_xlfn.SWITCH(TRUE,ISNUMBER(T2)*T2>M2,"逾期完成",ISNUMBER(T2),"按期完成",M2>TODAY(),"待完成","逾期未完成")} -> 逾期未完成 | AC2: {=_xlfn.SWITCH(TRUE,ISNUMBER(U2)*U2>N2,"逾期完成",ISNUMBER(U2),"按期完成",N2>TODAY(),"待完成","逾期未完成")} -> 逾期未完成 | AD2: {=_xlfn.SWITCH(TRUE,ISNUMBER(V2)*V2>O2,"逾期完成",ISNUMBER(V2),"按期完成",O2>TODAY(),"待完成","逾期未完成")} -> 逾期未完成 | AE2: =IF(ISNUMBER(X2),"已获证","未获证") -> 已获证 | AF2: {=_xlfn.SWITCH(TRUE,ISNUMBER(W2)*W2>P2,"逾期完成",ISNUMBER(W2),"按期完成",P2>TODAY(),"待完成","逾期未完成")} -> 逾期未完成 | AG2: 完成 | AJ2: 低 | AK2: 靳超 | AL2: 合作 | AM2: =IF(AND(OR(AB2="按期完成",AB2="逾期完成"),OR(AC2<>"待完成",AD2<>"待完成")),"批产,"&IF(OR(AC2="逾期完成",AC2="逾期未完成",AD2="逾期完成",AD2="逾期未完成"),"逾期","按期"),IF(AND(OR(Z2="按期完成",Z2="逾期完成"),OR(AA2<>"待完成",AB2<>"待完成")),"中试,"&IF(OR(AA2="逾期完成",AA2="逾期未完成",AB2="逾期完成",AB2="逾期未完成"),"逾期","按期"),IF(OR(Y2<>"待完成",Z2<>"待完成"),"送检,"&IF(OR(Y2="逾期完成",Y2="逾期未完成",Z2="逾期完成",Z2="逾期未完成"),"逾期","按期"),"未启动,未开始"))) -> 中试,逾期 | AN2: =IF(OR(NOT(ISNUMBER(J2)),NOT(ISNUMBER(L2)),NOT(ISNUMBER(M2)),NOT(ISNUMBER(N2)),NOT(ISNUMBER(O2)),NOT(ISNUMBER(P2))),"暂无计划",IF(ISBLANK(Q2),IF(AND(J2-TODAY()>=0,J2-TODAY()<=10),"⚠️ 送检开始（还有"&ROUNDUP(J2-TODAY(),0)&"天，重点关注）",IF(J2>=TODAY(),"送检开始（还有"&ROUNDUP(J2-TODAY(),0)&"天）","送检开始（已超期"&ROUNDUP(TODAY()-J2,0)&"天）")),IF(ISBLANK(S2),IF(AND(L2-TODAY()>=0,L2-TODAY()<=10),"⚠️ 中试开始（还有"&ROUNDUP(L2-TODAY(),0)&"天，重点关注）",IF(L2>=TODAY(),"中试开始（还有"&ROUNDUP(L2-TODAY(),0)&"天）","中试开始（已超期"&ROUNDUP(TODAY()-L2,0)&"天）")),IF(ISBLANK(T2),IF(AND(M2-TODAY()>=0,M2-TODAY()<=10),"⚠️ 中试结束（还有"&ROUNDUP(M2-TODAY(),0)&"天，重点关注）",IF(M2>=TODAY(),"中试结束（还有"&ROUNDUP(M2-TODAY(),0)&"天）","中试结束（已超期"&ROUNDUP(TODAY()-M2,0)&"天）")),IF(ISBLANK(U2),IF(AND(N2-TODAY()>=0,N2-TODAY()<=10),"⚠️ 批产开始（还有"&ROUNDUP(N2-TODAY(),0)&"天，重点关注）",IF(N2>=TODAY(),"批产开始（还有"&ROUNDUP(N2-TODAY(),0)&"天）","批产开始（已超期"&ROUNDUP(TODAY()-N2,0)&"天）")),IF(ISBLANK(V2),IF(AND(O2-TODAY()>=0,O2-TODAY()<=10),"⚠️ 批产结束（还有"&ROUNDUP(O2-TODAY(),0)&"天，重点关注）",IF(O2>=TODAY(),"批产结束（还有"&ROUNDUP(O2-TODAY(),0)&"天）","批产结束（已超期"&ROUNDUP(TODAY()-O2,0)&"天）")),IF(ISBLANK(W2),IF(AND(P2-TODAY()>=0,P2-TODAY()<=10),"⚠️ 上市（还有"&ROUNDUP(P2-TODAY(),0)&"天，重点关注）",IF(P2>=TODAY(),"上市（还有"&ROUNDUP(P2-TODAY(),0)&"天）","上市（已超期"&ROUNDUP(TODAY()-P2,0)&"天）")),"已完成所有阶段"))))))) -> 中试结束（已超期126天）
A3: 36 | B3: 工业消防 | C3: 11200349 | E3: 图像型火焰探测器（中科永安项目） | F3: VFD/SF-EI101(4mm) | G3: 1 | H3: - | I3: - | J3: 45868 | K3: 45960 | N3: =P3-IF(AJ3="高",50,30) -> 45993 | O3: =P3 -> 46023 | P3: 46023 | Q3: 45863 | R3: 45960 | S3: 45976 | T3: 46023 | U3: 46037 | V3: 46023 | W3: 46023 | X3: 45988 | Y3: {=_xlfn.SWITCH(TRUE,ISNUMBER(Q3)*Q3>J3,"逾期完成",ISNUMBER(Q3),"按期完成",J3>TODAY(),"待完成","逾期未完成")} -> 按期完成 | Z3: {=_xlfn.SWITCH(TRUE,ISNUMBER(R3)*R3>K3,"逾期完成",ISNUMBER(R3),"按期完成",K3>TODAY(),"待完成","逾期未完成")} -> 按期完成 | AA3: {=_xlfn.SWITCH(TRUE,ISNUMBER(S3)*S3>L3,"逾期完成",ISNUMBER(S3),"按期完成",L3>TODAY(),"待完成","逾期未完成")} -> 逾期完成 | AB3: {=_xlfn.SWITCH(TRUE,ISNUMBER(T3)*T3>M3,"逾期完成",ISNUMBER(T3),"按期完成",M3>TODAY(),"待完成","逾期未完成")} -> 逾期完成 | AC3: {=_xlfn.SWITCH(TRUE,ISNUMBER(U3)*U3>N3,"逾期完成",ISNUMBER(U3),"按期完成",N3>TODAY(),"待完成","逾期未完成")} -> 逾期完成 | AD3: {=_xlfn.SWITCH(TRUE,ISNUMBER(V3)*V3>O3,"逾期完成",ISNUMBER(V3),"按期完成",O3>TODAY(),"待完成","逾期未完成")} -> 按期完成 | AE3: =IF(ISNUMBER(X3),"已获证","未获证") -> 已获证 | AF3: {=_xlfn.SWITCH(TRUE,ISNUMBER(W3)*W3>P3,"逾期完成",ISNUMBER(W3),"按期完成",P3>TODAY(),"待完成","逾期未完成")} -> 按期完成 | AG3: 完成 | AH3: 0 | AJ3: 低 | AK3: 靳超 | AL3: 合作 | AM3: =IF(AND(OR(AB3="按期完成",AB3="逾期完成"),OR(AC3<>"待完成",AD3<>"待完成")),"批产,"&IF(OR(AC3="逾期完成",AC3="逾期未完成",AD3="逾期完成",AD3="逾期未完成"),"逾期","按期"),IF(AND(OR(Z3="按期完成",Z3="逾期完成"),OR(AA3<>"待完成",AB3<>"待完成")),"中试,"&IF(OR(AA3="逾期完成",AA3="逾期未完成",AB3="逾期完成",AB3="逾期未完成"),"逾期","按期"),IF(OR(Y3<>"待完成",Z3<>"待完成"),"送检,"&IF(OR(Y3="逾期完成",Y3="逾期未完成",Z3="逾期完成",Z3="逾期未完成"),"逾期","按期"),"未启动,未开始"))) -> 批产,逾期 | AN3: =IF(OR(NOT(ISNUMBER(J3)),NOT(ISNUMBER(L3)),NOT(ISNUMBER(M3)),NOT(ISNUMBER(N3)),NOT(ISNUMBER(O3)),NOT(ISNUMBER(P3))),"暂无计划",IF(ISBLANK(Q3),IF(AND(J3-TODAY()>=0,J3-TODAY()<=10),"⚠️ 送检开始（还有"&ROUNDUP(J3-TODAY(),0)&"天，重点关注）",IF(J3>=TODAY(),"送检开始（还有"&ROUNDUP(J3-TODAY(),0)&"天）","送检开始（已超期"&ROUNDUP(TODAY()-J3,0)&"天）")),IF(ISBLANK(S3),IF(AND(L3-TODAY()>=0,L3-TODAY()<=10),"⚠️ 中试开始（还有"&ROUNDUP(L3-TODAY(),0)&"天，重点关注）",IF(L3>=TODAY(),"中试开始（还有"&ROUNDUP(L3-TODAY(),0)&"天）","中试开始（已超期"&ROUNDUP(TODAY()-L3,0)&"天）")),IF(ISBLANK(T3),IF(AND(M3-TODAY()>=0,M3-TODAY()<=10),"⚠️ 中试结束（还有"&ROUNDUP(M3-TODAY(),0)&"天，重点关注）",IF(M3>=TODAY(),"中试结束（还有"&ROUNDUP(M3-TODAY(),0)&"天）","中试结束（已超期"&ROUNDUP(TODAY()-M3,0)&"天）")),IF(ISBLANK(U3),IF(AND(N3-TODAY()>=0,N3-TODAY()<=10),"⚠️ 批产开始（还有"&ROUNDUP(N3-TODAY(),0)&"天，重点关注）",IF(N3>=TODAY(),"批产开始（还有"&ROUNDUP(N3-TODAY(),0)&"天）","批产开始（已超期"&ROUNDUP(TODAY()-N3,0)&"天）")),IF(ISBLANK(V3),IF(AND(O3-TODAY()>=0,O3-TODAY()<=10),"⚠️ 批产结束（还有"&ROUNDUP(O3-TODAY(),0)&"天，重点关注）",IF(O3>=TODAY(),"批产结束（还有"&ROUNDUP(O3-TODAY(),0)&"天）","批产结束（已超期"&ROUNDUP(TODAY()-O3,0)&"天）")),IF(ISBLANK(W3),IF(AND(P3-TODAY()>=0,P3-TODAY()<=10),"⚠️ 上市（还有"&ROUNDUP(P3-TODAY(),0)&"天，重点关注）",IF(P3>=TODAY(),"上市（还有"&ROUNDUP(P3-TODAY(),0)&"天）","上市（已超期"&ROUNDUP(TODAY()-P3,0)&"天）")),"已完成所有阶段"))))))) -> 暂无计划
A4: 37 | B4: 工业消防 | C4: 11200348 | E4: 图像型火焰探测器（中科永安项目） | F4: VFD/SF-EI101(6mm) | G4: 1 | H4: - | I4: - | J4: 45868 | K4: 45960 | N4: =P4-IF(AJ4="高",50,30) -> 45993 | O4: =P4 -> 46023 | P4: 46023 | Q4: 45863 | R4: 45960 | S4: 45976 | T4: 46023 | U4: 46037 | V4: 46023 | W4: 46023 | X4: 45988 | Y4: {=_xlfn.SWITCH(TRUE,ISNUMBER(Q4)*Q4>J4,"逾期完成",ISNUMBER(Q4),"按期完成",J4>TODAY(),"待完成","逾期未完成")} -> 按期完成 | Z4: {=_xlfn.SWITCH(TRUE,ISNUMBER(R4)*R4>K4,"逾期完成",ISNUMBER(R4),"按期完成",K4>TODAY(),"待完成","逾期未完成")} -> 按期完成 | AA4: {=_xlfn.SWITCH(TRUE,ISNUMBER(S4)*S4>L4,"逾期完成",ISNUMBER(S4),"按期完成",L4>TODAY(),"待完成","逾期未完成")} -> 逾期完成 | AB4: {=_xlfn.SWITCH(TRUE,ISNUMBER(T4)*T4>M4,"逾期完成",ISNUMBER(T4),"按期完成",M4>TODAY(),"待完成","逾期未完成")} -> 逾期完成 | AC4: {=_xlfn.SWITCH(TRUE,ISNUMBER(U4)*U4>N4,"逾期完成",ISNUMBER(U4),"按期完成",N4>TODAY(),"待完成","逾期未完成")} -> 逾期完成 | AD4: {=_xlfn.SWITCH(TRUE,ISNUMBER(V4)*V4>O4,"逾期完成",ISNUMBER(V4),"按期完成",O4>TODAY(),"待完成","逾期未完成")} -> 按期完成 | AE4: =IF(ISNUMBER(X4),"已获证","未获证") -> 已获证 | AF4: {=_xlfn.SWITCH(TRUE,ISNUMBER(W4)*W4>P4,"逾期完成",ISNUMBER(W4),"按期完成",P4>TODAY(),"待完成","逾期未完成")} -> 按期完成 | AG4: 完成 | AH4: 0 | AJ4: 低 | AK4: 靳超 | AL4: 合作 | AM4: =IF(AND(OR(AB4="按期完成",AB4="逾期完成"),OR(AC4<>"待完成",AD4<>"待完成")),"批产,"&IF(OR(AC4="逾期完成",AC4="逾期未完成",AD4="逾期完成",AD4="逾期未完成"),"逾期","按期"),IF(AND(OR(Z4="按期完成",Z4="逾期完成"),OR(AA4<>"待完成",AB4<>"待完成")),"中试,"&IF(OR(AA4="逾期完成",AA4="逾期未完成",AB4="逾期完成",AB4="逾期未完成"),"逾期","按期"),IF(OR(Y4<>"待完成",Z4<>"待完成"),"送检,"&IF(OR(Y4="逾期完成",Y4="逾期未完成",Z4="逾期完成",Z4="逾期未完成"),"逾期","按期"),"未启动,未开始"))) -> 批产,逾期 | AN4: =IF(OR(NOT(ISNUMBER(J4)),NOT(ISNUMBER(L4)),NOT(ISNUMBER(M4)),NOT(ISNUMBER(N4)),NOT(ISNUMBER(O4)),NOT(ISNUMBER(P4))),"暂无计划",IF(ISBLANK(Q4),IF(AND(J4-TODAY()>=0,J4-TODAY()<=10),"⚠️ 送检开始（还有"&ROUNDUP(J4-TODAY(),0)&"天，重点关注）",IF(J4>=TODAY(),"送检开始（还有"&ROUNDUP(J4-TODAY(),0)&"天）","送检开始（已超期"&ROUNDUP(TODAY()-J4,0)&"天）")),IF(ISBLANK(S4),IF(AND(L4-TODAY()>=0,L4-TODAY()<=10),"⚠️ 中试开始（还有"&ROUNDUP(L4-TODAY(),0)&"天，重点关注）",IF(L4>=TODAY(),"中试开始（还有"&ROUNDUP(L4-TODAY(),0)&"天）","中试开始（已超期"&ROUNDUP(TODAY()-L4,0)&"天）")),IF(ISBLANK(T4),IF(AND(M4-TODAY()>=0,M4-TODAY()<=10),"⚠️ 中试结束（还有"&ROUNDUP(M4-TODAY(),0)&"天，重点关注）",IF(M4>=TODAY(),"中试结束（还有"&ROUNDUP(M4-TODAY(),0)&"天）","中试结束（已超期"&ROUNDUP(TODAY()-M4,0)&"天）")),IF(ISBLANK(U4),IF(AND(N4-TODAY()>=0,N4-TODAY()<=10),"⚠️ 批产开始（还有"&ROUNDUP(N4-TODAY(),0)&"天，重点关注）",IF(N4>=TODAY(),"批产开始（还有"&ROUNDUP(N4-TODAY(),0)&"天）","批产开始（已超期"&ROUNDUP(TODAY()-N4,0)&"天）")),IF(ISBLANK(V4),IF(AND(O4-TODAY()>=0,O4-TODAY()<=10),"⚠️ 批产结束（还有"&ROUNDUP(O4-TODAY(),0)&"天，重点关注）",IF(O4>=TODAY(),"批产结束（还有"&ROUNDUP(O4-TODAY(),0)&"天）","批产结束（已超期"&ROUNDUP(TODAY()-O4,0)&"天）")),IF(ISBLANK(W4),IF(AND(P4-TODAY()>=0,P4-TODAY()<=10),"⚠️ 上市（还有"&ROUNDUP(P4-TODAY(),0)&"天，重点关注）",IF(P4>=TODAY(),"上市（还有"&ROUNDUP(P4-TODAY(),0)&"天）","上市（已超期"&ROUNDUP(TODAY()-P4,0)&"天）")),"已完成所有阶段"))))))) -> 暂无计划
A5: 38 | B5: 工业消防 | C5: 11200347 | E5: 图像型火焰探测器（中科永安项目） | F5: VFD/SF-EI101(8mm) | G5: 1 | H5: - | I5: - | J5: 45868 | K5: 45960 | N5: =P5-IF(AJ5="高",50,30) -> 45993 | O5: =P5 -> 46023 | P5: 46023 | Q5: 45863 | R5: 45960 | S5: 45976 | T5: 46023 | U5: 46037 | V5: 46023 | W5: 46023 | X5: 45988 | Y5: {=_xlfn.SWITCH(TRUE,ISNUMBER(Q5)*Q5>J5,"逾期完成",ISNUMBER(Q5),"按期完成",J5>TODAY(),"待完成","逾期未完成")} -> 按期完成 | Z5: {=_xlfn.SWITCH(TRUE,ISNUMBER(R5)*R5>K5,"逾期完成",ISNUMBER(R5),"按期完成",K5>TODAY(),"待完成","逾期未完成")} -> 按期完成 | AA5: {=_xlfn.SWITCH(TRUE,ISNUMBER(S5)*S5>L5,"逾期完成",ISNUMBER(S5),"按期完成",L5>TODAY(),"待完成","逾期未完成")} -> 逾期完成 | AB5: {=_xlfn.SWITCH(TRUE,ISNUMBER(T5)*T5>M5,"逾期完成",ISNUMBER(T5),"按期完成",M5>TODAY(),"待完成","逾期未完成")} -> 逾期完成 | AC5: {=_xlfn.SWITCH(TRUE,ISNUMBER(U5)*U5>N5,"逾期完成",ISNUMBER(U5),"按期完成",N5>TODAY(),"待完成","逾期未完成")} -> 逾期完成 | AD5: {=_xlfn.SWITCH(TRUE,ISNUMBER(V5)*V5>O5,"逾期完成",ISNUMBER(V5),"按期完成",O5>TODAY(),"待完成","逾期未完成")} -> 按期完成 | AE5: =IF(ISNUMBER(X5),"已获证","未获证") -> 已获证 | AF5: {=_xlfn.SWITCH(TRUE,ISNUMBER(W5)*W5>P5,"逾期完成",ISNUMBER(W5),"按期完成",P5>TODAY(),"待完成","逾期未完成")} -> 按期完成 | AG5: 完成 | AH5: 0 | AJ5: 低 | AK5: 靳超 | AL5: 合作 | AM5: =IF(AND(OR(AB5="按期完成",AB5="逾期完成"),OR(AC5<>"待完成",AD5<>"待完成")),"批产,"&IF(OR(AC5="逾期完成",AC5="逾期未完成",AD5="逾期完成",AD5="逾期未完成"),"逾期","按期"),IF(AND(OR(Z5="按期完成",Z5="逾期完成"),OR(AA5<>"待完成",AB5<>"待完成")),"中试,"&IF(OR(AA5="逾期完成",AA5="逾期未完成",AB5="逾期完成",AB5="逾期未完成"),"逾期","按期"),IF(OR(Y5<>"待完成",Z5<>"待完成"),"送检,"&IF(OR(Y5="逾期完成",Y5="逾期未完成",Z5="逾期完成",Z5="逾期未完成"),"逾期","按期"),"未启动,未开始"))) -> 批产,逾期 | AN5: =IF(OR(NOT(ISNUMBER(J5)),NOT(ISNUMBER(L5)),NOT(ISNUMBER(M5)),NOT(ISNUMBER(N5)),NOT(ISNUMBER(O5)),NOT(ISNUMBER(P5))),"暂无计划",IF(ISBLANK(Q5),IF(AND(J5-TODAY()>=0,J5-TODAY()<=10),"⚠️ 送检开始（还有"&ROUNDUP(J5-TODAY(),0)&"天，重点关注）",IF(J5>=TODAY(),"送检开始（还有"&ROUNDUP(J5-TODAY(),0)&"天）","送检开始（已超期"&ROUNDUP(TODAY()-J5,0)&"天）")),IF(ISBLANK(S5),IF(AND(L5-TODAY()>=0,L5-TODAY()<=10),"⚠️ 中试开始（还有"&ROUNDUP(L5-TODAY(),0)&"天，重点关注）",IF(L5>=TODAY(),"中试开始（还有"&ROUNDUP(L5-TODAY(),0)&"天）","中试开始（已超期"&ROUNDUP(TODAY()-L5,0)&"天）")),IF(ISBLANK(T5),IF(AND(M5-TODAY()>=0,M5-TODAY()<=10),"⚠️ 中试结束（还有"&ROUNDUP(M5-TODAY(),0)&"天，重点关注）",IF(M5>=TODAY(),"中试结束（还有"&ROUNDUP(M5-TODAY(),0)&"天）","中试结束（已超期"&ROUNDUP(TODAY()-M5,0)&"天）")),IF(ISBLANK(U5),IF(AND(N5-TODAY()>=0,N5-TODAY()<=10),"⚠️ 批产开始（还有"&ROUNDUP(N5-TODAY(),0)&"天，重点关注）",IF(N5>=TODAY(),"批产开始（还有"&ROUNDUP(N5-TODAY(),0)&"天）","批产开始（已超期"&ROUNDUP(TODAY()-N5,0)&"天）")),IF(ISBLANK(V5),IF(AND(O5-TODAY()>=0,O5-TODAY()<=10),"⚠️ 批产结束（还有"&ROUNDUP(O5-TODAY(),0)&"天，重点关注）",IF(O5>=TODAY(),"批产结束（还有"&ROUNDUP(O5-TODAY(),0)&"天）","批产结束（已超期"&ROUNDUP(TODAY()-O5,0)&"天）")),IF(ISBLANK(W5),IF(AND(P5-TODAY()>=0,P5-TODAY()<=10),"⚠️ 上市（还有"&ROUNDUP(P5-TODAY(),0)&"天，重点关注）",IF(P5>=TODAY(),"上市（还有"&ROUNDUP(P5-TODAY(),0)&"天）","上市（已超期"&ROUNDUP(TODAY()-P5,0)&"天）")),"已完成所有阶段"))))))) -> 暂无计划
A6: 39 | B6: 工业消防 | C6: 11200346 | E6: 图像型火焰探测器（中科永安项目） | F6: VFD/SF-EI101(12mm) | G6: 1 | H6: - | I6: - | J6: 45868 | K6: 45960 | N6: =P6-IF(AJ6="高",50,30) -> 45993 | O6: =P6 -> 46023 | P6: 46023 | Q6: 45863 | R6: 45960 | S6: 45976 | T6: 46023 | U6: 46037 | V6: 46023 | W6: 46023 | X6: 45988 | Y6: {=_xlfn.SWITCH(TRUE,ISNUMBER(Q6)*Q6>J6,"逾期完成",ISNUMBER(Q6),"按期完成",J6>TODAY(),"待完成","逾期未完成")} -> 按期完成 | Z6: {=_xlfn.SWITCH(TRUE,ISNUMBER(R6)*R6>K6,"逾期完成",ISNUMBER(R6),"按期完成",K6>TODAY(),"待完成","逾期未完成")} -> 按期完成 | AA6: {=_xlfn.SWITCH(TRUE,ISNUMBER(S6)*S6>L6,"逾期完成",ISNUMBER(S6),"按期完成",L6>TODAY(),"待完成","逾期未完成")} -> 逾期完成 | AB6: {=_xlfn.SWITCH(TRUE,ISNUMBER(T6)*T6>M6,"逾期完成",ISNUMBER(T6),"按期完成",M6>TODAY(),"待完成","逾期未完成")} -> 逾期完成 | AC6: {=_xlfn.SWITCH(TRUE,ISNUMBER(U6)*U6>N6,"逾期完成",ISNUMBER(U6),"按期完成",N6>TODAY(),"待完成","逾期未完成")} -> 逾期完成 | AD6: {=_xlfn.SWITCH(TRUE,ISNUMBER(V6)*V6>O6,"逾期完成",ISNUMBER(V6),"按期完成",O6>TODAY(),"待完成","逾期未完成")} -> 按期完成 | AE6: =IF(ISNUMBER(X6),"已获证","未获证") -> 已获证 | AF6: {=_xlfn.SWITCH(TRUE,ISNUMBER(W6)*W6>P6,"逾期完成",ISNUMBER(W6),"按期完成",P6>TODAY(),"待完成","逾期未完成")} -> 按期完成 | AG6: 完成 | AH6: 0 | AJ6: 低 | AK6: 靳超 | AL6: 合作 | AM6: =IF(AND(OR(AB6="按期完成",AB6="逾期完成"),OR(AC6<>"待完成",AD6<>"待完成")),"批产,"&IF(OR(AC6="逾期完成",AC6="逾期未完成",AD6="逾期完成",AD6="逾期未完成"),"逾期","按期"),IF(AND(OR(Z6="按期完成",Z6="逾期完成"),OR(AA6<>"待完成",AB6<>"待完成")),"中试,"&IF(OR(AA6="逾期完成",AA6="逾期未完成",AB6="逾期完成",AB6="逾期未完成"),"逾期","按期"),IF(OR(Y6<>"待完成",Z6<>"待完成"),"送检,"&IF(OR(Y6="逾期完成",Y6="逾期未完成",Z6="逾期完成",Z6="逾期未完成"),"逾期","按期"),"未启动,未开始"))) -> 批产,逾期 | AN6: =IF(OR(NOT(ISNUMBER(J6)),NOT(ISNUMBER(L6)),NOT(ISNUMBER(M6)),NOT(ISNUMBER(N6)),NOT(ISNUMBER(O6)),NOT(ISNUMBER(P6))),"暂无计划",IF(ISBLANK(Q6),IF(AND(J6-TODAY()>=0,J6-TODAY()<=10),"⚠️ 送检开始（还有"&ROUNDUP(J6-TODAY(),0)&"天，重点关注）",IF(J6>=TODAY(),"送检开始（还有"&ROUNDUP(J6-TODAY(),0)&"天）","送检开始（已超期"&ROUNDUP(TODAY()-J6,0)&"天）")),IF(ISBLANK(S6),IF(AND(L6-TODAY()>=0,L6-TODAY()<=10),"⚠️ 中试开始（还有"&ROUNDUP(L6-TODAY(),0)&"天，重点关注）",IF(L6>=TODAY(),"中试开始（还有"&ROUNDUP(L6-TODAY(),0)&"天）","中试开始（已超期"&ROUNDUP(TODAY()-L6,0)&"天）")),IF(ISBLANK(T6),IF(AND(M6-TODAY()>=0,M6-TODAY()<=10),"⚠️ 中试结束（还有"&ROUNDUP(M6-TODAY(),0)&"天，重点关注）",IF(M6>=TODAY(),"中试结束（还有"&ROUNDUP(M6-TODAY(),0)&"天）","中试结束（已超期"&ROUNDUP(TODAY()-M6,0)&"天）")),IF(ISBLANK(U6),IF(AND(N6-TODAY()>=0,N6-TODAY()<=10),"⚠️ 批产开始（还有"&ROUNDUP(N6-TODAY(),0)&"天，重点关注）",IF(N6>=TODAY(),"批产开始（还有"&ROUNDUP(N6-TODAY(),0)&"天）","批产开始（已超期"&ROUNDUP(TODAY()-N6,0)&"天）")),IF(ISBLANK(V6),IF(AND(O6-TODAY()>=0,O6-TODAY()<=10),"⚠️ 批产结束（还有"&ROUNDUP(O6-TODAY(),0)&"天，重点关注）",IF(O6>=TODAY(),"批产结束（还有"&ROUNDUP(O6-TODAY(),0)&"天）","批产结束（已超期"&ROUNDUP(TODAY()-O6,0)&"天）")),IF(ISBLANK(W6),IF(AND(P6-TODAY()>=0,P6-TODAY()<=10),"⚠️ 上市（还有"&ROUNDUP(P6-TODAY(),0)&"天，重点关注）",IF(P6>=TODAY(),"上市（还有"&ROUNDUP(P6-TODAY(),0)&"天）","上市（已超期"&ROUNDUP(TODAY()-P6,0)&"天）")),"已完成所有阶段"))))))) -> 暂无计划
A7: 1 | B7: 火灾报警 | C7: 10101536 | E7: 点型光电感烟火灾探测器（本安型） | F7: JTY-GD-EI9012Ex | G7: 1 | H7: 10100811 | I7: JTY-GD-EI8017Ex | J7: 45899 | K7: =(MAX(J7,Q7)+60) -> 45959 | L7: =MAX(J7,Q7)+30 -> 45929 | M7: =IF((L7+IF(AJ7="高",45,30))>P7,P7-30,L7+IF(AJ7="高",45,30)) -> 45959 | N7: =P7-IF(AJ7="高",50,30) -> 46083 | O7: =P7 -> 46113 | P7: 46113 | Q7: 45869 | R7: 45971 | S7: 45953 | T7: 46111 | U7: 46051 | X7: 46020 | Y7: {=_xlfn.SWITCH(TRUE,ISNUMBER(Q7)*Q7>J7,"逾期完成",ISNUMBER(Q7),"按期完成",J7>TODAY(),"待完成","逾期未完成")} -> 按期完成 | Z7: {=_xlfn.SWITCH(TRUE,ISNUMBER(R7)*R7>K7,"逾期完成",ISNUMBER(R7),"按期完成",K7>TODAY(),"待完成","逾期未完成")} -> 逾期完成 | AA7: {=_xlfn.SWITCH(TRUE,ISNUMBER(S7)*S7>L7,"逾期完成",ISNUMBER(S7),"按期完成",L7>TODAY(),"待完成","逾期未完成")} -> 逾期完成 | AB7: {=_xlfn.SWITCH(TRUE,ISNUMBER(T7)*T7>M7,"逾期完成",ISNUMBER(T7),"按期完成",M7>TODAY(),"待完成","逾期未完成")} -> 逾期完成 | AC7: {=_xlfn.SWITCH(TRUE,ISNUMBER(U7)*U7>N7,"逾期完成",ISNUMBER(U7),"按期完成",N7>TODAY(),"待完成","逾期未完成")} -> 按期完成 | AD7: {=_xlfn.SWITCH(TRUE,ISNUMBER(V7)*V7>O7,"逾期完成",ISNUMBER(V7),"按期完成",O7>TODAY(),"待完成","逾期未完成")} -> 逾期未完成 | AE7: =IF(ISNUMBER(X7),"已获证","未获证") -> 已获证 | AF7: {=_xlfn.SWITCH(TRUE,ISNUMBER(W7)*W7>P7,"逾期完成",ISNUMBER(W7),"按期完成",P7>TODAY(),"待完成","逾期未完成")} -> 逾期未完成 | AG7: 完成 | AJ7: 低 | AK7: 崔景贺 | AL7: 自研 | AM7: =IF(AND(OR(AB7="按期完成",AB7="逾期完成"),OR(AC7<>"待完成",AD7<>"待完成")),"批产,"&IF(OR(AC7="逾期完成",AC7="逾期未完成",AD7="逾期完成",AD7="逾期未完成"),"逾期","按期"),IF(AND(OR(Z7="按期完成",Z7="逾期完成"),OR(AA7<>"待完成",AB7<>"待完成")),"中试,"&IF(OR(AA7="逾期完成",AA7="逾期未完成",AB7="逾期完成",AB7="逾期未完成"),"逾期","按期"),IF(OR(Y7<>"待完成",Z7<>"待完成"),"送检,"&IF(OR(Y7="逾期完成",Y7="逾期未完成",Z7="逾期完成",Z7="逾期未完成"),"逾期","按期"),"未启动,未开始"))) -> 批产,逾期 | AN7: =IF(OR(NOT(ISNUMBER(J7)),NOT(ISNUMBER(L7)),NOT(ISNUMBER(M7)),NOT(ISNUMBER(N7)),NOT(ISNUMBER(O7)),NOT(ISNUMBER(P7))),"暂无计划",IF(ISBLANK(Q7),IF(AND(J7-TODAY()>=0,J7-TODAY()<=10),"⚠️ 送检开始（还有"&ROUNDUP(J7-TODAY(),0)&"天，重点关注）",IF(J7>=TODAY(),"送检开始（还有"&ROUNDUP(J7-TODAY(),0)&"天）","送检开始（已超期"&ROUNDUP(TODAY()-J7,0)&"天）")),IF(ISBLANK(S7),IF(AND(L7-TODAY()>=0,L7-TODAY()<=10),"⚠️ 中试开始（还有"&ROUNDUP(L7-TODAY(),0)&"天，重点关注）",IF(L7>=TODAY(),"中试开始（还有"&ROUNDUP(L7-TODAY(),0)&"天）","中试开始（已超期"&ROUNDUP(TODAY()-L7,0)&"天）")),IF(ISBLANK(T7),IF(AND(M7-TODAY()>=0,M7-TODAY()<=10),"⚠️ 中试结束（还有"&ROUNDUP(M7-TODAY(),0)&"天，重点关注）",IF(M7>=TODAY(),"中试结束（还有"&ROUNDUP(M7-TODAY(),0)&"天）","中试结束（已超期"&ROUNDUP(TODAY()-M7,0)&"天）")),IF(ISBLANK(U7),IF(AND(N7-TODAY()>=0,N7-TODAY()<=10),"⚠️ 批产开始（还有"&ROUNDUP(N7-TODAY(),0)&"天，重点关注）",IF(N7>=TODAY(),"批产开始（还有"&ROUNDUP(N7-TODAY(),0)&"天）","批产开始（已超期"&ROUNDUP(TODAY()-N7,0)&"天）")),IF(ISBLANK(V7),IF(AND(O7-TODAY()>=0,O7-TODAY()<=10),"⚠️ 批产结束（还有"&ROUNDUP(O7-TODAY(),0)&"天，重点关注）",IF(O7>=TODAY(),"批产结束（还有"&ROUNDUP(O7-TODAY(),0)&"天）","批产结束（已超期"&ROUNDUP(TODAY()-O7,0)&"天）")),IF(ISBLANK(W7),IF(AND(P7-TODAY()>=0,P7-TODAY()<=10),"⚠️ 上市（还有"&ROUNDUP(P7-TODAY(),0)&"天，重点关注）",IF(P7>=TODAY(),"上市（还有"&ROUNDUP(P7-TODAY(),0)&"天）","上市（已超期"&ROUNDUP(TODAY()-P7,0)&"天）")),"已完成所有阶段"))))))) -> 批产结束（已超期65天） | AO7: 45778 | AP7: 46143
A8: 45 | B8: 气体灭火装置 | E8: 能美项目 | F8: 气体灭火装置（90、120、150） | G8: 3 | H8: - | I8: - | J8: 45899 | K8: =(MAX(J8,Q8)+60) -> 45971 | L8: 46063 | M8: 46101 | N8: 46101 | O8: =P8 -> 46101 | P8: 46101 | Q8: 45911 | R8: 46032 | X8: 46056 | Y8: {=_xlfn.SWITCH(TRUE,ISNUMBER(Q8)*Q8>J8,"逾期完成",ISNUMBER(Q8),"按期完成",J8>TODAY(),"待完成","逾期未完成")} -> 逾期完成 | Z8: {=_xlfn.SWITCH(TRUE,ISNUMBER(R8)*R8>K8,"逾期完成",ISNUMBER(R8),"按期完成",K8>TODAY(),"待完成","逾期未完成")} -> 逾期完成 | AA8: {=_xlfn.SWITCH(TRUE,ISNUMBER(S8)*S8>L8,"逾期完成",ISNUMBER(S8),"按期完成",L8>TODAY(),"待完成","逾期未完成")} -> 逾期未完成 | AB8: {=_xlfn.SWITCH(TRUE,ISNUMBER(T8)*T8>M8,"逾期完成",ISNUMBER(T8),"按期完成",M8>TODAY(),"待完成","逾期未完成")} -> 逾期未完成 | AC8: {=_xlfn.SWITCH(TRUE,ISNUMBER(U8)*U8>N8,"逾期完成",ISNUMBER(U8),"按期完成",N8>TODAY(),"待完成","逾期未完成")} -> 逾期未完成 | AD8: {=_xlfn.SWITCH(TRUE,ISNUMBER(V8)*V8>O8,"逾期完成",ISNUMBER(V8),"按期完成",O8>TODAY(),"待完成","逾期未完成")} -> 逾期未完成 | AE8: =IF(ISNUMBER(X8),"已获证","未获证") -> 已获证 | AF8: {=_xlfn.SWITCH(TRUE,ISNUMBER(W8)*W8>P8,"逾期完成",ISNUMBER(W8),"按期完成",P8>TODAY(),"待完成","逾期未完成")} -> 逾期未完成 | AG8: 完成 | AH8: 0 | AJ8: 低 | AK8: 赵朕波 | AL8: 合作 | AM8: =IF(AND(OR(AB8="按期完成",AB8="逾期完成"),OR(AC8<>"待完成",AD8<>"待完成")),"批产,"&IF(OR(AC8="逾期完成",AC8="逾期未完成",AD8="逾期完成",AD8="逾期未完成"),"逾期","按期"),IF(AND(OR(Z8="按期完成",Z8="逾期完成"),OR(AA8<>"待完成",AB8<>"待完成")),"中试,"&IF(OR(AA8="逾期完成",AA8="逾期未完成",AB8="逾期完成",AB8="逾期未完成"),"逾期","按期"),IF(OR(Y8<>"待完成",Z8<>"待完成"),"送检,"&IF(OR(Y8="逾期完成",Y8="逾期未完成",Z8="逾期完成",Z8="逾期未完成"),"逾期","按期"),"未启动,未开始"))) -> 中试,逾期 | AN8: =IF(OR(NOT(ISNUMBER(J8)),NOT(ISNUMBER(L8)),NOT(ISNUMBER(M8)),NOT(ISNUMBER(N8)),NOT(ISNUMBER(O8)),NOT(ISNUMBER(P8))),"暂无计划",IF(ISBLANK(Q8),IF(AND(J8-TODAY()>=0,J8-TODAY()<=10),"⚠️ 送检开始（还有"&ROUNDUP(J8-TODAY(),0)&"天，重点关注）",IF(J8>=TODAY(),"送检开始（还有"&ROUNDUP(J8-TODAY(),0)&"天）","送检开始（已超期"&ROUNDUP(TODAY()-J8,0)&"天）")),IF(ISBLANK(S8),IF(AND(L8-TODAY()>=0,L8-TODAY()<=10),"⚠️ 中试开始（还有"&ROUNDUP(L8-TODAY(),0)&"天，重点关注）",IF(L8>=TODAY(),"中试开始（还有"&ROUNDUP(L8-TODAY(),0)&"天）","中试开始（已超期"&ROUNDUP(TODAY()-L8,0)&"天）")),IF(ISBLANK(T8),IF(AND(M8-TODAY()>=0,M8-TODAY()<=10),"⚠️ 中试结束（还有"&ROUNDUP(M8-TODAY(),0)&"天，重点关注）",IF(M8>=TODAY(),"中试结束（还有"&ROUNDUP(M8-TODAY(),0)&"天）","中试结束（已超期"&ROUNDUP(TODAY()-M8,0)&"天）")),IF(ISBLANK(U8),IF(AND(N8-TODAY()>=0,N8-TODAY()<=10),"⚠️ 批产开始（还有"&ROUNDUP(N8-TODAY(),0)&"天，重点关注）",IF(N8>=TODAY(),"批产开始（还有"&ROUNDUP(N8-TODAY(),0)&"天）","批产开始（已超期"&ROUNDUP(TODAY()-N8,0)&"天）")),IF(ISBLANK(V8),IF(AND(O8-TODAY()>=0,O8-TODAY()<=10),"⚠️ 批产结束（还有"&ROUNDUP(O8-TODAY(),0)&"天，重点关注）",IF(O8>=TODAY(),"批产结束（还有"&ROUNDUP(O8-TODAY(),0)&"天）","批产结束（已超期"&ROUNDUP(TODAY()-O8,0)&"天）")),IF(ISBLANK(W8),IF(AND(P8-TODAY()>=0,P8-TODAY()<=10),"⚠️ 上市（还有"&ROUNDUP(P8-TODAY(),0)&"天，重点关注）",IF(P8>=TODAY(),"上市（还有"&ROUNDUP(P8-TODAY(),0)&"天）","上市（已超期"&ROUNDUP(TODAY()-P8,0)&"天）")),"已完成所有阶段"))))))) -> 中试开始（已超期115天） | AO8: 46204 | AP8: 46569
A9: 42 | B9: 火灾报警 | C9: 11200335 | E9: 线型光束感烟火灾探测器 | F9: JTY-HM-EI9019 | G9: 1 | H9: 10101104 | I9: JTY-HM-EI8019 | J9: 45920 | K9: =(MAX(J9,Q9)+60) -> 45980 | L9: 46096 | M9: =IF((L9+IF(AJ9="高",45,30))>P9,P9-30,L9+IF(AJ9="高",45,30)) -> 46141 | N9: =P9-IF(AJ9="高",50,30) -> 46153 | O9: =P9 -> 46203 | P9: 46203 | Q9: 45915 | R9: 46000 | S9: 46051 | T9: 46111 | X9: 46020 | Y9: {=_xlfn.SWITCH(TRUE,ISNUMBER(Q9)*Q9>J9,"逾期完成",ISNUMBER(Q9),"按期完成",J9>TODAY(),"待完成","逾期未完成")} -> 按期完成 | Z9: {=_xlfn.SWITCH(TRUE,ISNUMBER(R9)*R9>K9,"逾期完成",ISNUMBER(R9),"按期完成",K9>TODAY(),"待完成","逾期未完成")} -> 逾期完成 | AA9: {=_xlfn.SWITCH(TRUE,ISNUMBER(S9)*S9>L9,"逾期完成",ISNUMBER(S9),"按期完成",L9>TODAY(),"待完成","逾期未完成")} -> 按期完成 | AB9: {=_xlfn.SWITCH(TRUE,ISNUMBER(T9)*T9>M9,"逾期完成",ISNUMBER(T9),"按期完成",M9>TODAY(),"待完成","逾期未完成")} -> 按期完成 | AC9: {=_xlfn.SWITCH(TRUE,ISNUMBER(U9)*U9>N9,"逾期完成",ISNUMBER(U9),"按期完成",N9>TODAY(),"待完成","逾期未完成")} -> 逾期未完成 | AD9: {=_xlfn.SWITCH(TRUE,ISNUMBER(V9)*V9>O9,"逾期完成",ISNUMBER(V9),"按期完成",O9>TODAY(),"待完成","逾期未完成")} -> 待完成 | AE9: =IF(ISNUMBER(X9),"已获证","未获证") -> 已获证 | AF9: {=_xlfn.SWITCH(TRUE,ISNUMBER(W9)*W9>P9,"逾期完成",ISNUMBER(W9),"按期完成",P9>TODAY(),"待完成","逾期未完成")} -> 待完成 | AG9: 未完成 | AJ9: 高 | AK9: 韩振飞 | AL9: 自研 | AM9: =IF(AND(OR(AB9="按期完成",AB9="逾期完成"),OR(AC9<>"待完成",AD9<>"待完成")),"批产,"&IF(OR(AC9="逾期完成",AC9="逾期未完成",AD9="逾期完成",AD9="逾期未完成"),"逾期","按期"),IF(AND(OR(Z9="按期完成",Z9="逾期完成"),OR(AA9<>"待完成",AB9<>"待完成")),"中试,"&IF(OR(AA9="逾期完成",AA9="逾期未完成",AB9="逾期完成",AB9="逾期未完成"),"逾期","按期"),IF(OR(Y9<>"待完成",Z9<>"待完成"),"送检,"&IF(OR(Y9="逾期完成",Y9="逾期未完成",Z9="逾期完成",Z9="逾期未完成"),"逾期","按期"),"未启动,未开始"))) -> 批产,逾期 | AN9: =IF(OR(NOT(ISNUMBER(J9)),NOT(ISNUMBER(L9)),NOT(ISNUMBER(M9)),NOT(ISNUMBER(N9)),NOT(ISNUMBER(O9)),NOT(ISNUMBER(P9))),"暂无计划",IF(ISBLANK(Q9),IF(AND(J9-TODAY()>=0,J9-TODAY()<=10),"⚠️ 送检开始（还有"&ROUNDUP(J9-TODAY(),0)&"天，重点关注）",IF(J9>=TODAY(),"送检开始（还有"&ROUNDUP(J9-TODAY(),0)&"天）","送检开始（已超期"&ROUNDUP(TODAY()-J9,0)&"天）")),IF(ISBLANK(S9),IF(AND(L9-TODAY()>=0,L9-TODAY()<=10),"⚠️ 中试开始（还有"&ROUNDUP(L9-TODAY(),0)&"天，重点关注）",IF(L9>=TODAY(),"中试开始（还有"&ROUNDUP(L9-TODAY(),0)&"天）","中试开始（已超期"&ROUNDUP(TODAY()-L9,0)&"天）")),IF(ISBLANK(T9),IF(AND(M9-TODAY()>=0,M9-TODAY()<=10),"⚠️ 中试结束（还有"&ROUNDUP(M9-TODAY(),0)&"天，重点关注）",IF(M9>=TODAY(),"中试结束（还有"&ROUNDUP(M9-TODAY(),0)&"天）","中试结束（已超期"&ROUNDUP(TODAY()-M9,0)&"天）")),IF(ISBLANK(U9),IF(AND(N9-TODAY()>=0,N9-TODAY()<=10),"⚠️ 批产开始（还有"&ROUNDUP(N9-TODAY(),0)&"天，重点关注）",IF(N9>=TODAY(),"批产开始（还有"&ROUNDUP(N9-TODAY(),0)&"天）","批产开始（已超期"&ROUNDUP(TODAY()-N9,0)&"天）")),IF(ISBLANK(V9),IF(AND(O9-TODAY()>=0,O9-TODAY()<=10),"⚠️ 批产结束（还有"&ROUNDUP(O9-TODAY(),0)&"天，重点关注）",IF(O9>=TODAY(),"批产结束（还有"&ROUNDUP(O9-TODAY(),0)&"天）","批产结束（已超期"&ROUNDUP(TODAY()-O9,0)&"天）")),IF(ISBLANK(W9),IF(AND(P9-TODAY()>=0,P9-TODAY()<=10),"⚠️ 上市（还有"&ROUNDUP(P9-TODAY(),0)&"天，重点关注）",IF(P9>=TODAY(),"上市（还有"&ROUNDUP(P9-TODAY(),0)&"天）","上市（已超期"&ROUNDUP(TODAY()-P9,0)&"天）")),"已完成所有阶段"))))))) -> 批产开始（已超期25天）
A10: 4 | B10: 火灾报警 | C10: 10101998 | E10: 无线中继模块 | F10: J-EI9037W | G10: 1 | H10: 10101046 | I10: J-EI8037W | J10: 45930 | K10: 45991 | L10: 45981 | M10: 45991 | N10: 46022 | O10: =P10 -> 46143 | P10: 46143 | Q10: 45919 | R10: 45980 | S10: 45953 | T10: 46014 | X10: 46002 | Y10: {=_xlfn.SWITCH(TRUE,ISNUMBER(Q10)*Q10>J10,"逾期完成",ISNUMBER(Q10),"按期完成",J10>TODAY(),"待完成","逾期未完成")} -> 按期完成 | Z10: {=_xlfn.SWITCH(TRUE,ISNUMBER(R10)*R10>K10,"逾期完成",ISNUMBER(R10),"按期完成",K10>TODAY(),"待完成","逾期未完成")} -> 按期完成 | AA10: {=_xlfn.SWITCH(TRUE,ISNUMBER(S10)*S10>L10,"逾期完成",ISNUMBER(S10),"按期完成",L10>TODAY(),"待完成","逾期未完成")} -> 按期完成 | AB10: {=_xlfn.SWITCH(TRUE,ISNUMBER(T10)*T10>M10,"逾期完成",ISNUMBER(T10),"按期完成",M10>TODAY(),"待完成","逾期未完成")} -> 逾期完成 | AC10: {=_xlfn.SWITCH(TRUE,ISNUMBER(U10)*U10>N10,"逾期完成",ISNUMBER(U10),"按期完成",N10>TODAY(),"待完成","逾期未完成")} -> 逾期未完成 | AD10: {=_xlfn.SWITCH(TRUE,ISNUMBER(V10)*V10>O10,"逾期完成",ISNUMBER(V10),"按期完成",O10>TODAY(),"待完成","逾期未完成")} -> 逾期未完成 | AE10: =IF(ISNUMBER(X10),"已获证","未获证") -> 已获证 | AF10: {=_xlfn.SWITCH(TRUE,ISNUMBER(W10)*W10>P10,"逾期完成",ISNUMBER(W10),"按期完成",P10>TODAY(),"待完成","逾期未完成")} -> 逾期未完成 | AG10: 完成 | AI10: 设计变更未归档/4月8日归档 | AJ10: 高 | AK10: 胡明宇 | AL10: 自研 | AM10: =IF(AND(OR(AB10="按期完成",AB10="逾期完成"),OR(AC10<>"待完成",AD10<>"待完成")),"批产,"&IF(OR(AC10="逾期完成",AC10="逾期未完成",AD10="逾期完成",AD10="逾期未完成"),"逾期","按期"),IF(AND(OR(Z10="按期完成",Z10="逾期完成"),OR(AA10<>"待完成",AB10<>"待完成")),"中试,"&IF(OR(AA10="逾期完成",AA10="逾期未完成",AB10="逾期完成",AB10="逾期未完成"),"逾期","按期"),IF(OR(Y10<>"待完成",Z10<>"待完成"),"送检,"&IF(OR(Y10="逾期完成",Y10="逾期未完成",Z10="逾期完成",Z10="逾期未完成"),"逾期","按期"),"未启动,未开始"))) -> 批产,逾期 | AN10: =IF(OR(NOT(ISNUMBER(J10)),NOT(ISNUMBER(L10)),NOT(ISNUMBER(M10)),NOT(ISNUMBER(N10)),NOT(ISNUMBER(O10)),NOT(ISNUMBER(P10))),"暂无计划",IF(ISBLANK(Q10),IF(AND(J10-TODAY()>=0,J10-TODAY()<=10),"⚠️ 送检开始（还有"&ROUNDUP(J10-TODAY(),0)&"天，重点关注）",IF(J10>=TODAY(),"送检开始（还有"&ROUNDUP(J10-TODAY(),0)&"天）","送检开始（已超期"&ROUNDUP(TODAY()-J10,0)&"天）")),IF(ISBLANK(S10),IF(AND(L10-TODAY()>=0,L10-TODAY()<=10),"⚠️ 中试开始（还有"&ROUNDUP(L10-TODAY(),0)&"天，重点关注）",IF(L10>=TODAY(),"中试开始（还有"&ROUNDUP(L10-TODAY(),0)&"天）","中试开始（已超期"&ROUNDUP(TODAY()-L10,0)&"天）")),IF(ISBLANK(T10),IF(AND(M10-TODAY()>=0,M10-TODAY()<=10),"⚠️ 中试结束（还有"&ROUNDUP(M10-TODAY(),0)&"天，重点关注）",IF(M10>=TODAY(),"中试结束（还有"&ROUNDUP(M10-TODAY(),0)&"天）","中试结束（已超期"&ROUNDUP(TODAY()-M10,0)&"天）")),IF(ISBLANK(U10),IF(AND(N10-TODAY()>=0,N10-TODAY()<=10),"⚠️ 批产开始（还有"&ROUNDUP(N10-TODAY(),0)&"天，重点关注）",IF(N10>=TODAY(),"批产开始（还有"&ROUNDUP(N10-TODAY(),0)&"天）","批产开始（已超期"&ROUNDUP(TODAY()-N10,0)&"天）")),IF(ISBLANK(V10),IF(AND(O10-TODAY()>=0,O10-TODAY()<=10),"⚠️ 批产结束（还有"&ROUNDUP(O10-TODAY(),0)&"天，重点关注）",IF(O10>=TODAY(),"批产结束（还有"&ROUNDUP(O10-TODAY(),0)&"天）","批产结束（已超期"&ROUNDUP(TODAY()-O10,0)&"天）")),IF(ISBLANK(W10),IF(AND(P10-TODAY()>=0,P10-TODAY()<=10),"⚠️ 上市（还有"&ROUNDUP(P10-TODAY(),0)&"天，重点关注）",IF(P10>=TODAY(),"上市（还有"&ROUNDUP(P10-TODAY(),0)&"天）","上市（已超期"&ROUNDUP(TODAY()-P10,0)&"天）")),"已完成所有阶段"))))))) -> 批产开始（已超期156天）
A11: 35 | B11: 工业消防 | C11: 19902046 | E11: 点型红外火焰探测器（中科永安项目） | F11: JTG-IR3-EI301Ex | G11: 1 | H11: - | I11: - | J11: 45930 | K11: 45991 | L11: 46063 | M11: 46091 | N11: =P11-IF(AJ11="高",50,30) -> 46083 | O11: =P11 -> 46113 | P11: 46113 | Q11: 45904 | R11: 45981 | S11: 46063 | X11: 46057 | Y11: {=_xlfn.SWITCH(TRUE,ISNUMBER(Q11)*Q11>J11,"逾期完成",ISNUMBER(Q11),"按期完成",J11>TODAY(),"待完成","逾期未完成")} -> 按期完成 | Z11: {=_xlfn.SWITCH(TRUE,ISNUMBER(R11)*R11>K11,"逾期完成",ISNUMBER(R11),"按期完成",K11>TODAY(),"待完成","逾期未完成")} -> 按期完成 | AA11: {=_xlfn.SWITCH(TRUE,ISNUMBER(S11)*S11>L11,"逾期完成",ISNUMBER(S11),"按期完成",L11>TODAY(),"待完成","逾期未完成")} -> 按期完成 | AB11: {=_xlfn.SWITCH(TRUE,ISNUMBER(T11)*T11>M11,"逾期完成",ISNUMBER(T11),"按期完成",M11>TODAY(),"待完成","逾期未完成")} -> 逾期未完成 | AC11: {=_xlfn.SWITCH(TRUE,ISNUMBER(U11)*U11>N11,"逾期完成",ISNUMBER(U11),"按期完成",N11>TODAY(),"待完成","逾期未完成")} -> 逾期未完成 | AD11: {=_xlfn.SWITCH(TRUE,ISNUMBER(V11)*V11>O11,"逾期完成",ISNUMBER(V11),"按期完成",O11>TODAY(),"待完成","逾期未完成")} -> 逾期未完成 | AE11: =IF(ISNUMBER(X11),"已获证","未获证") -> 已获证 | AF11: {=_xlfn.SWITCH(TRUE,ISNUMBER(W11)*W11>P11,"逾期完成",ISNUMBER(W11),"按期完成",P11>TODAY(),"待完成","逾期未完成")} -> 逾期未完成 | AG11: 未完成 | AJ11: 低 | AK11: 靳超 | AL11: 合作 | AM11: =IF(AND(OR(AB11="按期完成",AB11="逾期完成"),OR(AC11<>"待完成",AD11<>"待完成")),"批产,"&IF(OR(AC11="逾期完成",AC11="逾期未完成",AD11="逾期完成",AD11="逾期未完成"),"逾期","按期"),IF(AND(OR(Z11="按期完成",Z11="逾期完成"),OR(AA11<>"待完成",AB11<>"待完成")),"中试,"&IF(OR(AA11="逾期完成",AA11="逾期未完成",AB11="逾期完成",AB11="逾期未完成"),"逾期","按期"),IF(OR(Y11<>"待完成",Z11<>"待完成"),"送检,"&IF(OR(Y11="逾期完成",Y11="逾期未完成",Z11="逾期完成",Z11="逾期未完成"),"逾期","按期"),"未启动,未开始"))) -> 中试,逾期 | AN11: =IF(OR(NOT(ISNUMBER(J11)),NOT(ISNUMBER(L11)),NOT(ISNUMBER(M11)),NOT(ISNUMBER(N11)),NOT(ISNUMBER(O11)),NOT(ISNUMBER(P11))),"暂无计划",IF(ISBLANK(Q11),IF(AND(J11-TODAY()>=0,J11-TODAY()<=10),"⚠️ 送检开始（还有"&ROUNDUP(J11-TODAY(),0)&"天，重点关注）",IF(J11>=TODAY(),"送检开始（还有"&ROUNDUP(J11-TODAY(),0)&"天）","送检开始（已超期"&ROUNDUP(TODAY()-J11,0)&"天）")),IF(ISBLANK(S11),IF(AND(L11-TODAY()>=0,L11-TODAY()<=10),"⚠️ 中试开始（还有"&ROUNDUP(L11-TODAY(),0)&"天，重点关注）",IF(L11>=TODAY(),"中试开始（还有"&ROUNDUP(L11-TODAY(),0)&"天）","中试开始（已超期"&ROUNDUP(TODAY()-L11,0)&"天）")),IF(ISBLANK(T11),IF(AND(M11-TODAY()>=0,M11-TODAY()<=10),"⚠️ 中试结束（还有"&ROUNDUP(M11-TODAY(),0)&"天，重点关注）",IF(M11>=TODAY(),"中试结束（还有"&ROUNDUP(M11-TODAY(),0)&"天）","中试结束（已超期"&ROUNDUP(TODAY()-M11,0)&"天）")),IF(ISBLANK(U11),IF(AND(N11-TODAY()>=0,N11-TODAY()<=10),"⚠️ 批产开始（还有"&ROUNDUP(N11-TODAY(),0)&"天，重点关注）",IF(N11>=TODAY(),"批产开始（还有"&ROUNDUP(N11-TODAY(),0)&"天）","批产开始（已超期"&ROUNDUP(TODAY()-N11,0)&"天）")),IF(ISBLANK(V11),IF(AND(O11-TODAY()>=0,O11-TODAY()<=10),"⚠️ 批产结束（还有"&ROUNDUP(O11-TODAY(),0)&"天，重点关注）",IF(O11>=TODAY(),"批产结束（还有"&ROUNDUP(O11-TODAY(),0)&"天）","批产结束（已超期"&ROUNDUP(TODAY()-O11,0)&"天）")),IF(ISBLANK(W11),IF(AND(P11-TODAY()>=0,P11-TODAY()<=10),"⚠️ 上市（还有"&ROUNDUP(P11-TODAY(),0)&"天，重点关注）",IF(P11>=TODAY(),"上市（还有"&ROUNDUP(P11-TODAY(),0)&"天）","上市（已超期"&ROUNDUP(TODAY()-P11,0)&"天）")),"已完成所有阶段"))))))) -> 中试结束（已超期87天） | AO11: 46327 | AP11: 46692
A12: 14 | B12: 特种消防 | C12: 10101455/ 10102008 | E12: 地铁FAS系统点型光电感烟火灾探测器 | F12: JTY-GD-EIN12/A | G12: 2 | H12: - | I12: - | J12: 45960 | K12: =(MAX(J12,Q12)+60) -> 46020 | L12: 46063 | M12: 46101 | N12: 46101 | O12: =P12 -> 46172 | P12: 46172 | Q12: 45853 | R12: 45971 | S12: 46007 | T12: 46122 | X12: 45996 | Y12: {=_xlfn.SWITCH(TRUE,ISNUMBER(Q12)*Q12>J12,"逾期完成",ISNUMBER(Q12),"按期完成",J12>TODAY(),"待完成","逾期未完成")} -> 按期完成 | Z12: {=_xlfn.SWITCH(TRUE,ISNUMBER(R12)*R12>K12,"逾期完成",ISNUMBER(R12),"按期完成",K12>TODAY(),"待完成","逾期未完成")} -> 按期完成 | AA12: {=_xlfn.SWITCH(TRUE,ISNUMBER(S12)*S12>L12,"逾期完成",ISNUMBER(S12),"按期完成",L12>TODAY(),"待完成","逾期未完成")} -> 按期完成 | AB12: {=_xlfn.SWITCH(TRUE,ISNUMBER(T12)*T12>M12,"逾期完成",ISNUMBER(T12),"按期完成",M12>TODAY(),"待完成","逾期未完成")} -> 逾期完成 | AC12: {=_xlfn.SWITCH(TRUE,ISNUMBER(U12)*U12>N12,"逾期完成",ISNUMBER(U12),"按期完成",N12>TODAY(),"待完成","逾期未完成")} -> 逾期未完成 | AD12: {=_xlfn.SWITCH(TRUE,ISNUMBER(V12)*V12>O12,"逾期完成",ISNUMBER(V12),"按期完成",O12>TODAY(),"待完成","逾期未完成")} -> 逾期未完成 | AE12: =IF(ISNUMBER(X12),"已获证","未获证") -> 已获证 | AF12: {=_xlfn.SWITCH(TRUE,ISNUMBER(W12)*W12>P12,"逾期完成",ISNUMBER(W12),"按期完成",P12>TODAY(),"待完成","逾期未完成")} -> 逾期未完成 | AG12: 未完成 | AJ12: 低 | AK12: 崔景贺 | AL12: 自研 | AM12: =IF(AND(OR(AB12="按期完成",AB12="逾期完成"),OR(AC12<>"待完成",AD12<>"待完成")),"批产,"&IF(OR(AC12="逾期完成",AC12="逾期未完成",AD12="逾期完成",AD12="逾期未完成"),"逾期","按期"),IF(AND(OR(Z12="按期完成",Z12="逾期完成"),OR(AA12<>"待完成",AB12<>"待完成")),"中试,"&IF(OR(AA12="逾期完成",AA12="逾期未完成",AB12="逾期完成",AB12="逾期未完成"),"逾期","按期"),IF(OR(Y12<>"待完成",Z12<>"待完成"),"送检,"&IF(OR(Y12="逾期完成",Y12="逾期未完成",Z12="逾期完成",Z12="逾期未完成"),"逾期","按期"),"未启动,未开始"))) -> 批产,逾期 | AN12: =IF(OR(NOT(ISNUMBER(J12)),NOT(ISNUMBER(L12)),NOT(ISNUMBER(M12)),NOT(ISNUMBER(N12)),NOT(ISNUMBER(O12)),NOT(ISNUMBER(P12))),"暂无计划",IF(ISBLANK(Q12),IF(AND(J12-TODAY()>=0,J12-TODAY()<=10),"⚠️ 送检开始（还有"&ROUNDUP(J12-TODAY(),0)&"天，重点关注）",IF(J12>=TODAY(),"送检开始（还有"&ROUNDUP(J12-TODAY(),0)&"天）","送检开始（已超期"&ROUNDUP(TODAY()-J12,0)&"天）")),IF(ISBLANK(S12),IF(AND(L12-TODAY()>=0,L12-TODAY()<=10),"⚠️ 中试开始（还有"&ROUNDUP(L12-TODAY(),0)&"天，重点关注）",IF(L12>=TODAY(),"中试开始（还有"&ROUNDUP(L12-TODAY(),0)&"天）","中试开始（已超期"&ROUNDUP(TODAY()-L12,0)&"天）")),IF(ISBLANK(T12),IF(AND(M12-TODAY()>=0,M12-TODAY()<=10),"⚠️ 中试结束（还有"&ROUNDUP(M12-TODAY(),0)&"天，重点关注）",IF(M12>=TODAY(),"中试结束（还有"&ROUNDUP(M12-TODAY(),0)&"天）","中试结束（已超期"&ROUNDUP(TODAY()-M12,0)&"天）")),IF(ISBLANK(U12),IF(AND(N12-TODAY()>=0,N12-TODAY()<=10),"⚠️ 批产开始（还有"&ROUNDUP(N12-TODAY(),0)&"天，重点关注）",IF(N12>=TODAY(),"批产开始（还有"&ROUNDUP(N12-TODAY(),0)&"天）","批产开始（已超期"&ROUNDUP(TODAY()-N12,0)&"天）")),IF(ISBLANK(V12),IF(AND(O12-TODAY()>=0,O12-TODAY()<=10),"⚠️ 批产结束（还有"&ROUNDUP(O12-TODAY(),0)&"天，重点关注）",IF(O12>=TODAY(),"批产结束（还有"&ROUNDUP(O12-TODAY(),0)&"天）","批产结束（已超期"&ROUNDUP(TODAY()-O12,0)&"天）")),IF(ISBLANK(W12),IF(AND(P12-TODAY()>=0,P12-TODAY()<=10),"⚠️ 上市（还有"&ROUNDUP(P12-TODAY(),0)&"天，重点关注）",IF(P12>=TODAY(),"上市（还有"&ROUNDUP(P12-TODAY(),0)&"天）","上市（已超期"&ROUNDUP(TODAY()-P12,0)&"天）")),"已完成所有阶段"))))))) -> 批产开始（已超期77天） | AO12: 45778 | AP12: 46143
A13: 16 | B13: 特种消防 | C13: 10101404 | E13: 地铁FAS系统手动火灾报警按钮 | F13: J-SAP-EIN21 | G13: 1 | H13: - | I13: - | J13: 45960 | K13: 46020 | L13: 46063 | M13: 46101 | N13: 46101 | O13: =P13 -> 46172 | P13: 46172 | Q13: 45958 | R13: 46044 | S13: 46051 | T13: 46115 | X13: 46083 | Y13: {=_xlfn.SWITCH(TRUE,ISNUMBER(Q13)*Q13>J13,"逾期完成",ISNUMBER(Q13),"按期完成",J13>TODAY(),"待完成","逾期未完成")} -> 按期完成 | Z13: {=_xlfn.SWITCH(TRUE,ISNUMBER(R13)*R13>K13,"逾期完成",ISNUMBER(R13),"按期完成",K13>TODAY(),"待完成","逾期未完成")} -> 逾期完成 | AA13: {=_xlfn.SWITCH(TRUE,ISNUMBER(S13)*S13>L13,"逾期完成",ISNUMBER(S13),"按期完成",L13>TODAY(),"待完成","逾期未完成")} -> 按期完成 | AB13: {=_xlfn.SWITCH(TRUE,ISNUMBER(T13)*T13>M13,"逾期完成",ISNUMBER(T13),"按期完成",M13>TODAY(),"待完成","逾期未完成")} -> 逾期完成 | AC13: {=_xlfn.SWITCH(TRUE,ISNUMBER(U13)*U13>N13,"逾期完成",ISNUMBER(U13),"按期完成",N13>TODAY(),"待完成","逾期未完成")} -> 逾期未完成 | AD13: {=_xlfn.SWITCH(TRUE,ISNUMBER(V13)*V13>O13,"逾期完成",ISNUMBER(V13),"按期完成",O13>TODAY(),"待完成","逾期未完成")} -> 逾期未完成 | AE13: =IF(ISNUMBER(X13),"已获证","未获证") -> 已获证 | AF13: {=_xlfn.SWITCH(TRUE,ISNUMBER(W13)*W13>P13,"逾期完成",ISNUMBER(W13),"按期完成",P13>TODAY(),"待完成","逾期未完成")} -> 逾期未完成 | AG13: 未完成 | AJ13: 低 | AK13: 胡双寒 | AL13: 自研 | AM13: =IF(AND(OR(AB13="按期完成",AB13="逾期完成"),OR(AC13<>"待完成",AD13<>"待完成")),"批产,"&IF(OR(AC13="逾期完成",AC13="逾期未完成",AD13="逾期完成",AD13="逾期未完成"),"逾期","按期"),IF(AND(OR(Z13="按期完成",Z13="逾期完成"),OR(AA13<>"待完成",AB13<>"待完成")),"中试,"&IF(OR(AA13="逾期完成",AA13="逾期未完成",AB13="逾期完成",AB13="逾期未完成"),"逾期","按期"),IF(OR(Y13<>"待完成",Z13<>"待完成"),"送检,"&IF(OR(Y13="逾期完成",Y13="逾期未完成",Z13="逾期完成",Z13="逾期未完成"),"逾期","按期"),"未启动,未开始"))) -> 批产,逾期 | AN13: =IF(OR(NOT(ISNUMBER(J13)),NOT(ISNUMBER(L13)),NOT(ISNUMBER(M13)),NOT(ISNUMBER(N13)),NOT(ISNUMBER(O13)),NOT(ISNUMBER(P13))),"暂无计划",IF(ISBLANK(Q13),IF(AND(J13-TODAY()>=0,J13-TODAY()<=10),"⚠️ 送检开始（还有"&ROUNDUP(J13-TODAY(),0)&"天，重点关注）",IF(J13>=TODAY(),"送检开始（还有"&ROUNDUP(J13-TODAY(),0)&"天）","送检开始（已超期"&ROUNDUP(TODAY()-J13,0)&"天）")),IF(ISBLANK(S13),IF(AND(L13-TODAY()>=0,L13-TODAY()<=10),"⚠️ 中试开始（还有"&ROUNDUP(L13-TODAY(),0)&"天，重点关注）",IF(L13>=TODAY(),"中试开始（还有"&ROUNDUP(L13-TODAY(),0)&"天）","中试开始（已超期"&ROUNDUP(TODAY()-L13,0)&"天）")),IF(ISBLANK(T13),IF(AND(M13-TODAY()>=0,M13-TODAY()<=10),"⚠️ 中试结束（还有"&ROUNDUP(M13-TODAY(),0)&"天，重点关注）",IF(M13>=TODAY(),"中试结束（还有"&ROUNDUP(M13-TODAY(),0)&"天）","中试结束（已超期"&ROUNDUP(TODAY()-M13,0)&"天）")),IF(ISBLANK(U13),IF(AND(N13-TODAY()>=0,N13-TODAY()<=10),"⚠️ 批产开始（还有"&ROUNDUP(N13-TODAY(),0)&"天，重点关注）",IF(N13>=TODAY(),"批产开始（还有"&ROUNDUP(N13-TODAY(),0)&"天）","批产开始（已超期"&ROUNDUP(TODAY()-N13,0)&"天）")),IF(ISBLANK(V13),IF(AND(O13-TODAY()>=0,O13-TODAY()<=10),"⚠️ 批产结束（还有"&ROUNDUP(O13-TODAY(),0)&"天，重点关注）",IF(O13>=TODAY(),"批产结束（还有"&ROUNDUP(O13-TODAY(),0)&"天）","批产结束（已超期"&ROUNDUP(TODAY()-O13,0)&"天）")),IF(ISBLANK(W13),IF(AND(P13-TODAY()>=0,P13-TODAY()<=10),"⚠️ 上市（还有"&ROUNDUP(P13-TODAY(),0)&"天，重点关注）",IF(P13>=TODAY(),"上市（还有"&ROUNDUP(P13-TODAY(),0)&"天）","上市（已超期"&ROUNDUP(TODAY()-P13,0)&"天）")),"已完成所有阶段"))))))) -> 批产开始（已超期77天） | AO13: 45992 | AP13: 46357
A14: 17 | B14: 特种消防 | C14: 10101407 | E14: 地铁FAS系统消火栓按钮 | F14: J-SAP-EIN24 | G14: 1 | H14: - | I14: - | J14: 45960 | K14: =(MAX(J14,Q14)+60) -> 46020 | L14: 46063 | M14: 46101 | N14: 46101 | O14: =P14 -> 46172 | P14: 46172 | Q14: 45958 | R14: 46020 | S14: 46051 | T14: 46115 | X14: 46056 | Y14: {=_xlfn.SWITCH(TRUE,ISNUMBER(Q14)*Q14>J14,"逾期完成",ISNUMBER(Q14),"按期完成",J14>TODAY(),"待完成","逾期未完成")} -> 按期完成 | Z14: {=_xlfn.SWITCH(TRUE,ISNUMBER(R14)*R14>K14,"逾期完成",ISNUMBER(R14),"按期完成",K14>TODAY(),"待完成","逾期未完成")} -> 按期完成 | AA14: {=_xlfn.SWITCH(TRUE,ISNUMBER(S14)*S14>L14,"逾期完成",ISNUMBER(S14),"按期完成",L14>TODAY(),"待完成","逾期未完成")} -> 按期完成 | AB14: {=_xlfn.SWITCH(TRUE,ISNUMBER(T14)*T14>M14,"逾期完成",ISNUMBER(T14),"按期完成",M14>TODAY(),"待完成","逾期未完成")} -> 逾期完成 | AC14: {=_xlfn.SWITCH(TRUE,ISNUMBER(U14)*U14>N14,"逾期完成",ISNUMBER(U14),"按期完成",N14>TODAY(),"待完成","逾期未完成")} -> 逾期未完成 | AD14: {=_xlfn.SWITCH(TRUE,ISNUMBER(V14)*V14>O14,"逾期完成",ISNUMBER(V14),"按期完成",O14>TODAY(),"待完成","逾期未完成")} -> 逾期未完成 | AE14: =IF(ISNUMBER(X14),"已获证","未获证") -> 已获证 | AF14: {=_xlfn.SWITCH(TRUE,ISNUMBER(W14)*W14>P14,"逾期完成",ISNUMBER(W14),"按期完成",P14>TODAY(),"待完成","逾期未完成")} -> 逾期未完成 | AG14: 未完成 | AJ14: 低 | AK14: 胡双寒 | AL14: 自研 | AM14: =IF(AND(OR(AB14="按期完成",AB14="逾期完成"),OR(AC14<>"待完成",AD14<>"待完成")),"批产,"&IF(OR(AC14="逾期完成",AC14="逾期未完成",AD14="逾期完成",AD14="逾期未完成"),"逾期","按期"),IF(AND(OR(Z14="按期完成",Z14="逾期完成"),OR(AA14<>"待完成",AB14<>"待完成")),"中试,"&IF(OR(AA14="逾期完成",AA14="逾期未完成",AB14="逾期完成",AB14="逾期未完成"),"逾期","按期"),IF(OR(Y14<>"待完成",Z14<>"待完成"),"送检,"&IF(OR(Y14="逾期完成",Y14="逾期未完成",Z14="逾期完成",Z14="逾期未完成"),"逾期","按期"),"未启动,未开始"))) -> 批产,逾期 | AN14: =IF(OR(NOT(ISNUMBER(J14)),NOT(ISNUMBER(L14)),NOT(ISNUMBER(M14)),NOT(ISNUMBER(N14)),NOT(ISNUMBER(O14)),NOT(ISNUMBER(P14))),"暂无计划",IF(ISBLANK(Q14),IF(AND(J14-TODAY()>=0,J14-TODAY()<=10),"⚠️ 送检开始（还有"&ROUNDUP(J14-TODAY(),0)&"天，重点关注）",IF(J14>=TODAY(),"送检开始（还有"&ROUNDUP(J14-TODAY(),0)&"天）","送检开始（已超期"&ROUNDUP(TODAY()-J14,0)&"天）")),IF(ISBLANK(S14),IF(AND(L14-TODAY()>=0,L14-TODAY()<=10),"⚠️ 中试开始（还有"&ROUNDUP(L14-TODAY(),0)&"天，重点关注）",IF(L14>=TODAY(),"中试开始（还有"&ROUNDUP(L14-TODAY(),0)&"天）","中试开始（已超期"&ROUNDUP(TODAY()-L14,0)&"天）")),IF(ISBLANK(T14),IF(AND(M14-TODAY()>=0,M14-TODAY()<=10),"⚠️ 中试结束（还有"&ROUNDUP(M14-TODAY(),0)&"天，重点关注）",IF(M14>=TODAY(),"中试结束（还有"&ROUNDUP(M14-TODAY(),0)&"天）","中试结束（已超期"&ROUNDUP(TODAY()-M14,0)&"天）")),IF(ISBLANK(U14),IF(AND(N14-TODAY()>=0,N14-TODAY()<=10),"⚠️ 批产开始（还有"&ROUNDUP(N14-TODAY(),0)&"天，重点关注）",IF(N14>=TODAY(),"批产开始（还有"&ROUNDUP(N14-TODAY(),0)&"天）","批产开始（已超期"&ROUNDUP(TODAY()-N14,0)&"天）")),IF(ISBLANK(V14),IF(AND(O14-TODAY()>=0,O14-TODAY()<=10),"⚠️ 批产结束（还有"&ROUNDUP(O14-TODAY(),0)&"天，重点关注）",IF(O14>=TODAY(),"批产结束（还有"&ROUNDUP(O14-TODAY(),0)&"天）","批产结束（已超期"&ROUNDUP(TODAY()-O14,0)&"天）")),IF(ISBLANK(W14),IF(AND(P14-TODAY()>=0,P14-TODAY()<=10),"⚠️ 上市（还有"&ROUNDUP(P14-TODAY(),0)&"天，重点关注）",IF(P14>=TODAY(),"上市（还有"&ROUNDUP(P14-TODAY(),0)&"天）","上市（已超期"&ROUNDUP(TODAY()-P14,0)&"天）")),"已完成所有阶段"))))))) -> 批产开始（已超期77天）
A15: 19 | B15: 特种消防 | C15: 10102015 | E15: 地铁FAS系统输入模块 | F15: J-EIN30 | G15: 1 | H15: - | I15: - | J15: 45960 | K15: =(MAX(J15,Q15)+60) -> 46020 | L15: 46063 | M15: 46101 | N15: 46101 | O15: =P15 -> 46172 | P15: 46172 | Q15: 45916 | R15: 45975 | S15: 46051 | T15: 46115 | X15: 46002 | Y15: {=_xlfn.SWITCH(TRUE,ISNUMBER(Q15)*Q15>J15,"逾期完成",ISNUMBER(Q15),"按期完成",J15>TODAY(),"待完成","逾期未完成")} -> 按期完成 | Z15: {=_xlfn.SWITCH(TRUE,ISNUMBER(R15)*R15>K15,"逾期完成",ISNUMBER(R15),"按期完成",K15>TODAY(),"待完成","逾期未完成")} -> 按期完成 | AA15: {=_xlfn.SWITCH(TRUE,ISNUMBER(S15)*S15>L15,"逾期完成",ISNUMBER(S15),"按期完成",L15>TODAY(),"待完成","逾期未完成")} -> 按期完成 | AB15: {=_xlfn.SWITCH(TRUE,ISNUMBER(T15)*T15>M15,"逾期完成",ISNUMBER(T15),"按期完成",M15>TODAY(),"待完成","逾期未完成")} -> 逾期完成 | AC15: {=_xlfn.SWITCH(TRUE,ISNUMBER(U15)*U15>N15,"逾期完成",ISNUMBER(U15),"按期完成",N15>TODAY(),"待完成","逾期未完成")} -> 逾期未完成 | AD15: {=_xlfn.SWITCH(TRUE,ISNUMBER(V15)*V15>O15,"逾期完成",ISNUMBER(V15),"按期完成",O15>TODAY(),"待完成","逾期未完成")} -> 逾期未完成 | AE15: =IF(ISNUMBER(X15),"已获证","未获证") -> 已获证 | AF15: {=_xlfn.SWITCH(TRUE,ISNUMBER(W15)*W15>P15,"逾期完成",ISNUMBER(W15),"按期完成",P15>TODAY(),"待完成","逾期未完成")} -> 逾期未完成 | AG15: 未完成 | AJ15: 低 | AK15: 潘荣誉 | AL15: 自研 | AM15: =IF(AND(OR(AB15="按期完成",AB15="逾期完成"),OR(AC15<>"待完成",AD15<>"待完成")),"批产,"&IF(OR(AC15="逾期完成",AC15="逾期未完成",AD15="逾期完成",AD15="逾期未完成"),"逾期","按期"),IF(AND(OR(Z15="按期完成",Z15="逾期完成"),OR(AA15<>"待完成",AB15<>"待完成")),"中试,"&IF(OR(AA15="逾期完成",AA15="逾期未完成",AB15="逾期完成",AB15="逾期未完成"),"逾期","按期"),IF(OR(Y15<>"待完成",Z15<>"待完成"),"送检,"&IF(OR(Y15="逾期完成",Y15="逾期未完成",Z15="逾期完成",Z15="逾期未完成"),"逾期","按期"),"未启动,未开始"))) -> 批产,逾期 | AN15: =IF(OR(NOT(ISNUMBER(J15)),NOT(ISNUMBER(L15)),NOT(ISNUMBER(M15)),NOT(ISNUMBER(N15)),NOT(ISNUMBER(O15)),NOT(ISNUMBER(P15))),"暂无计划",IF(ISBLANK(Q15),IF(AND(J15-TODAY()>=0,J15-TODAY()<=10),"⚠️ 送检开始（还有"&ROUNDUP(J15-TODAY(),0)&"天，重点关注）",IF(J15>=TODAY(),"送检开始（还有"&ROUNDUP(J15-TODAY(),0)&"天）","送检开始（已超期"&ROUNDUP(TODAY()-J15,0)&"天）")),IF(ISBLANK(S15),IF(AND(L15-TODAY()>=0,L15-TODAY()<=10),"⚠️ 中试开始（还有"&ROUNDUP(L15-TODAY(),0)&"天，重点关注）",IF(L15>=TODAY(),"中试开始（还有"&ROUNDUP(L15-TODAY(),0)&"天）","中试开始（已超期"&ROUNDUP(TODAY()-L15,0)&"天）")),IF(ISBLANK(T15),IF(AND(M15-TODAY()>=0,M15-TODAY()<=10),"⚠️ 中试结束（还有"&ROUNDUP(M15-TODAY(),0)&"天，重点关注）",IF(M15>=TODAY(),"中试结束（还有"&ROUNDUP(M15-TODAY(),0)&"天）","中试结束（已超期"&ROUNDUP(TODAY()-M15,0)&"天）")),IF(ISBLANK(U15),IF(AND(N15-TODAY()>=0,N15-TODAY()<=10),"⚠️ 批产开始（还有"&ROUNDUP(N15-TODAY(),0)&"天，重点关注）",IF(N15>=TODAY(),"批产开始（还有"&ROUNDUP(N15-TODAY(),0)&"天）","批产开始（已超期"&ROUNDUP(TODAY()-N15,0)&"天）")),IF(ISBLANK(V15),IF(AND(O15-TODAY()>=0,O15-TODAY()<=10),"⚠️ 批产结束（还有"&ROUNDUP(O15-TODAY(),0)&"天，重点关注）",IF(O15>=TODAY(),"批产结束（还有"&ROUNDUP(O15-TODAY(),0)&"天）","批产结束（已超期"&ROUNDUP(TODAY()-O15,0)&"天）")),IF(ISBLANK(W15),IF(AND(P15-TODAY()>=0,P15-TODAY()<=10),"⚠️ 上市（还有"&ROUNDUP(P15-TODAY(),0)&"天，重点关注）",IF(P15>=TODAY(),"上市（还有"&ROUNDUP(P15-TODAY(),0)&"天）","上市（已超期"&ROUNDUP(TODAY()-P15,0)&"天）")),"已完成所有阶段"))))))) -> 批产开始（已超期77天）
A16: 20 | B16: 特种消防 | C16: 10102016 | E16: 地铁FAS系统中继模块 | F16: J-EIN32 | G16: 1 | H16: - | I16: - | J16: 45960 | K16: =(MAX(J16,Q16)+60) -> 46020 | L16: 46063 | M16: 46101 | N16: 46101 | O16: =P16 -> 46172 | P16: 46172 | Q16: 45916 | R16: 45975 | S16: 46051 | T16: 46115 | X16: 46002 | Y16: {=_xlfn.SWITCH(TRUE,ISNUMBER(Q16)*Q16>J16,"逾期完成",ISNUMBER(Q16),"按期完成",J16>TODAY(),"待完成","逾期未完成")} -> 按期完成 | Z16: {=_xlfn.SWITCH(TRUE,ISNUMBER(R16)*R16>K16,"逾期完成",ISNUMBER(R16),"按期完成",K16>TODAY(),"待完成","逾期未完成")} -> 按期完成 | AA16: {=_xlfn.SWITCH(TRUE,ISNUMBER(S16)*S16>L16,"逾期完成",ISNUMBER(S16),"按期完成",L16>TODAY(),"待完成","逾期未完成")} -> 按期完成 | AB16: {=_xlfn.SWITCH(TRUE,ISNUMBER(T16)*T16>M16,"逾期完成",ISNUMBER(T16),"按期完成",M16>TODAY(),"待完成","逾期未完成")} -> 逾期完成 | AC16: {=_xlfn.SWITCH(TRUE,ISNUMBER(U16)*U16>N16,"逾期完成",ISNUMBER(U16),"按期完成",N16>TODAY(),"待完成","逾期未完成")} -> 逾期未完成 | AD16: {=_xlfn.SWITCH(TRUE,ISNUMBER(V16)*V16>O16,"逾期完成",ISNUMBER(V16),"按期完成",O16>TODAY(),"待完成","逾期未完成")} -> 逾期未完成 | AE16: =IF(ISNUMBER(X16),"已获证","未获证") -> 已获证 | AF16: {=_xlfn.SWITCH(TRUE,ISNUMBER(W16)*W16>P16,"逾期完成",ISNUMBER(W16),"按期完成",P16>TODAY(),"待完成","逾期未完成")} -> 逾期未完成 | AG16: 未完成 | AJ16: 低 | AK16: 潘荣誉 | AL16: 自研 | AM16: =IF(AND(OR(AB16="按期完成",AB16="逾期完成"),OR(AC16<>"待完成",AD16<>"待完成")),"批产,"&IF(OR(AC16="逾期完成",AC16="逾期未完成",AD16="逾期完成",AD16="逾期未完成"),"逾期","按期"),IF(AND(OR(Z16="按期完成",Z16="逾期完成"),OR(AA16<>"待完成",AB16<>"待完成")),"中试,"&IF(OR(AA16="逾期完成",AA16="逾期未完成",AB16="逾期完成",AB16="逾期未完成"),"逾期","按期"),IF(OR(Y16<>"待完成",Z16<>"待完成"),"送检,"&IF(OR(Y16="逾期完成",Y16="逾期未完成",Z16="逾期完成",Z16="逾期未完成"),"逾期","按期"),"未启动,未开始"))) -> 批产,逾期 | AN16: =IF(OR(NOT(ISNUMBER(J16)),NOT(ISNUMBER(L16)),NOT(ISNUMBER(M16)),NOT(ISNUMBER(N16)),NOT(ISNUMBER(O16)),NOT(ISNUMBER(P16))),"暂无计划",IF(ISBLANK(Q16),IF(AND(J16-TODAY()>=0,J16-TODAY()<=10),"⚠️ 送检开始（还有"&ROUNDUP(J16-TODAY(),0)&"天，重点关注）",IF(J16>=TODAY(),"送检开始（还有"&ROUNDUP(J16-TODAY(),0)&"天）","送检开始（已超期"&ROUNDUP(TODAY()-J16,0)&"天）")),IF(ISBLANK(S16),IF(AND(L16-TODAY()>=0,L16-TODAY()<=10),"⚠️ 中试开始（还有"&ROUNDUP(L16-TODAY(),0)&"天，重点关注）",IF(L16>=TODAY(),"中试开始（还有"&ROUNDUP(L16-TODAY(),0)&"天）","中试开始（已超期"&ROUNDUP(TODAY()-L16,0)&"天）")),IF(ISBLANK(T16),IF(AND(M16-TODAY()>=0,M16-TODAY()<=10),"⚠️ 中试结束（还有"&ROUNDUP(M16-TODAY(),0)&"天，重点关注）",IF(M16>=TODAY(),"中试结束（还有"&ROUNDUP(M16-TODAY(),0)&"天）","中试结束（已超期"&ROUNDUP(TODAY()-M16,0)&"天）")),IF(ISBLANK(U16),IF(AND(N16-TODAY()>=0,N16-TODAY()<=10),"⚠️ 批产开始（还有"&ROUNDUP(N16-TODAY(),0)&"天，重点关注）",IF(N16>=TODAY(),"批产开始（还有"&ROUNDUP(N16-TODAY(),0)&"天）","批产开始（已超期"&ROUNDUP(TODAY()-N16,0)&"天）")),IF(ISBLANK(V16),IF(AND(O16-TODAY()>=0,O16-TODAY()<=10),"⚠️ 批产结束（还有"&ROUNDUP(O16-TODAY(),0)&"天，重点关注）",IF(O16>=TODAY(),"批产结束（还有"&ROUNDUP(O16-TODAY(),0)&"天）","批产结束（已超期"&ROUNDUP(TODAY()-O16,0)&"天）")),IF(ISBLANK(W16),IF(AND(P16-TODAY()>=0,P16-TODAY()<=10),"⚠️ 上市（还有"&ROUNDUP(P16-TODAY(),0)&"天，重点关注）",IF(P16>=TODAY(),"上市（还有"&ROUNDUP(P16-TODAY(),0)&"天）","上市（已超期"&ROUNDUP(TODAY()-P16,0)&"天）")),"已完成所有阶段"))))))) -> 批产开始（已超期77天）
A17: 21 | B17: 特种消防 | C17: 10102017 | E17: 地铁FAS系统输入/输出模块 | F17: J-EIN41 | G17: 1 | H17: - | I17: - | J17: 45960 | K17: =(MAX(J17,Q17)+60) -> 46020 | L17: 46063 | M17: 46101 | N17: 46101 | O17: =P17 -> 46172 | P17: 46172 | Q17: 45916 | R17: 45975 | S17: 46051 | T17: 46115 | X17: 46002 | Y17: {=_xlfn.SWITCH(TRUE,ISNUMBER(Q17)*Q17>J17,"逾期完成",ISNUMBER(Q17),"按期完成",J17>TODAY(),"待完成","逾期未完成")} -> 按期完成 | Z17: {=_xlfn.SWITCH(TRUE,ISNUMBER(R17)*R17>K17,"逾期完成",ISNUMBER(R17),"按期完成",K17>TODAY(),"待完成","逾期未完成")} -> 按期完成 | AA17: {=_xlfn.SWITCH(TRUE,ISNUMBER(S17)*S17>L17,"逾期完成",ISNUMBER(S17),"按期完成",L17>TODAY(),"待完成","逾期未完成")} -> 按期完成 | AB17: {=_xlfn.SWITCH(TRUE,ISNUMBER(T17)*T17>M17,"逾期完成",ISNUMBER(T17),"按期完成",M17>TODAY(),"待完成","逾期未完成")} -> 逾期完成 | AC17: {=_xlfn.SWITCH(TRUE,ISNUMBER(U17)*U17>N17,"逾期完成",ISNUMBER(U17),"按期完成",N17>TODAY(),"待完成","逾期未完成")} -> 逾期未完成 | AD17: {=_xlfn.SWITCH(TRUE,ISNUMBER(V17)*V17>O17,"逾期完成",ISNUMBER(V17),"按期完成",O17>TODAY(),"待完成","逾期未完成")} -> 逾期未完成 | AE17: =IF(ISNUMBER(X17),"已获证","未获证") -> 已获证 | AF17: {=_xlfn.SWITCH(TRUE,ISNUMBER(W17)*W17>P17,"逾期完成",ISNUMBER(W17),"按期完成",P17>TODAY(),"待完成","逾期未完成")} -> 逾期未完成 | AG17: 未完成 | AJ17: 低 | AK17: 潘荣誉 | AL17: 自研 | AM17: =IF(AND(OR(AB17="按期完成",AB17="逾期完成"),OR(AC17<>"待完成",AD17<>"待完成")),"批产,"&IF(OR(AC17="逾期完成",AC17="逾期未完成",AD17="逾期完成",AD17="逾期未完成"),"逾期","按期"),IF(AND(OR(Z17="按期完成",Z17="逾期完成"),OR(AA17<>"待完成",AB17<>"待完成")),"中试,"&IF(OR(AA17="逾期完成",AA17="逾期未完成",AB17="逾期完成",AB17="逾期未完成"),"逾期","按期"),IF(OR(Y17<>"待完成",Z17<>"待完成"),"送检,"&IF(OR(Y17="逾期完成",Y17="逾期未完成",Z17="逾期完成",Z17="逾期未完成"),"逾期","按期"),"未启动,未开始"))) -> 批产,逾期 | AN17: =IF(OR(NOT(ISNUMBER(J17)),NOT(ISNUMBER(L17)),NOT(ISNUMBER(M17)),NOT(ISNUMBER(N17)),NOT(ISNUMBER(O17)),NOT(ISNUMBER(P17))),"暂无计划",IF(ISBLANK(Q17),IF(AND(J17-TODAY()>=0,J17-TODAY()<=10),"⚠️ 送检开始（还有"&ROUNDUP(J17-TODAY(),0)&"天，重点关注）",IF(J17>=TODAY(),"送检开始（还有"&ROUNDUP(J17-TODAY(),0)&"天）","送检开始（已超期"&ROUNDUP(TODAY()-J17,0)&"天）")),IF(ISBLANK(S17),IF(AND(L17-TODAY()>=0,L17-TODAY()<=10),"⚠️ 中试开始（还有"&ROUNDUP(L17-TODAY(),0)&"天，重点关注）",IF(L17>=TODAY(),"中试开始（还有"&ROUNDUP(L17-TODAY(),0)&"天）","中试开始（已超期"&ROUNDUP(TODAY()-L17,0)&"天）")),IF(ISBLANK(T17),IF(AND(M17-TODAY()>=0,M17-TODAY()<=10),"⚠️ 中试结束（还有"&ROUNDUP(M17-TODAY(),0)&"天，重点关注）",IF(M17>=TODAY(),"中试结束（还有"&ROUNDUP(M17-TODAY(),0)&"天）","中试结束（已超期"&ROUNDUP(TODAY()-M17,0)&"天）")),IF(ISBLANK(U17),IF(AND(N17-TODAY()>=0,N17-TODAY()<=10),"⚠️ 批产开始（还有"&ROUNDUP(N17-TODAY(),0)&"天，重点关注）",IF(N17>=TODAY(),"批产开始（还有"&ROUNDUP(N17-TODAY(),0)&"天）","批产开始（已超期"&ROUNDUP(TODAY()-N17,0)&"天）")),IF(ISBLANK(V17),IF(AND(O17-TODAY()>=0,O17-TODAY()<=10),"⚠️ 批产结束（还有"&ROUNDUP(O17-TODAY(),0)&"天，重点关注）",IF(O17>=TODAY(),"批产结束（还有"&ROUNDUP(O17-TODAY(),0)&"天）","批产结束（已超期"&ROUNDUP(TODAY()-O17,0)&"天）")),IF(ISBLANK(W17),IF(AND(P17-TODAY()>=0,P17-TODAY()<=10),"⚠️ 上市（还有"&ROUNDUP(P17-TODAY(),0)&"天，重点关注）",IF(P17>=TODAY(),"上市（还有"&ROUNDUP(P17-TODAY(),0)&"天）","上市（已超期"&ROUNDUP(TODAY()-P17,0)&"天）")),"已完成所有阶段"))))))) -> 批产开始（已超期77天）
A18: 22 | B18: 特种消防 | C18: 10102018 | E18: 地铁FAS系统输入/输出模块 | F18: J-EIN43 | G18: 1 | H18: - | I18: - | J18: 45960 | K18: =(MAX(J18,Q18)+60) -> 46020 | L18: 46063 | M18: 46101 | N18: 46101 | O18: =P18 -> 46172 | P18: 46172 | Q18: 45916 | R18: 45975 | S18: 46051 | T18: 46115 | X18: 46002 | Y18: {=_xlfn.SWITCH(TRUE,ISNUMBER(Q18)*Q18>J18,"逾期完成",ISNUMBER(Q18),"按期完成",J18>TODAY(),"待完成","逾期未完成")} -> 按期完成 | Z18: {=_xlfn.SWITCH(TRUE,ISNUMBER(R18)*R18>K18,"逾期完成",ISNUMBER(R18),"按期完成",K18>TODAY(),"待完成","逾期未完成")} -> 按期完成 | AA18: {=_xlfn.SWITCH(TRUE,ISNUMBER(S18)*S18>L18,"逾期完成",ISNUMBER(S18),"按期完成",L18>TODAY(),"待完成","逾期未完成")} -> 按期完成 | AB18: {=_xlfn.SWITCH(TRUE,ISNUMBER(T18)*T18>M18,"逾期完成",ISNUMBER(T18),"按期完成",M18>TODAY(),"待完成","逾期未完成")} -> 逾期完成 | AC18: {=_xlfn.SWITCH(TRUE,ISNUMBER(U18)*U18>N18,"逾期完成",ISNUMBER(U18),"按期完成",N18>TODAY(),"待完成","逾期未完成")} -> 逾期未完成 | AD18: {=_xlfn.SWITCH(TRUE,ISNUMBER(V18)*V18>O18,"逾期完成",ISNUMBER(V18),"按期完成",O18>TODAY(),"待完成","逾期未完成")} -> 逾期未完成 | AE18: =IF(ISNUMBER(X18),"已获证","未获证") -> 已获证 | AF18: {=_xlfn.SWITCH(TRUE,ISNUMBER(W18)*W18>P18,"逾期完成",ISNUMBER(W18),"按期完成",P18>TODAY(),"待完成","逾期未完成")} -> 逾期未完成 | AG18: 未完成 | AJ18: 低 | AK18: 潘荣誉 | AL18: 自研 | AM18: =IF(AND(OR(AB18="按期完成",AB18="逾期完成"),OR(AC18<>"待完成",AD18<>"待完成")),"批产,"&IF(OR(AC18="逾期完成",AC18="逾期未完成",AD18="逾期完成",AD18="逾期未完成"),"逾期","按期"),IF(AND(OR(Z18="按期完成",Z18="逾期完成"),OR(AA18<>"待完成",AB18<>"待完成")),"中试,"&IF(OR(AA18="逾期完成",AA18="逾期未完成",AB18="逾期完成",AB18="逾期未完成"),"逾期","按期"),IF(OR(Y18<>"待完成",Z18<>"待完成"),"送检,"&IF(OR(Y18="逾期完成",Y18="逾期未完成",Z18="逾期完成",Z18="逾期未完成"),"逾期","按期"),"未启动,未开始"))) -> 批产,逾期 | AN18: =IF(OR(NOT(ISNUMBER(J18)),NOT(ISNUMBER(L18)),NOT(ISNUMBER(M18)),NOT(ISNUMBER(N18)),NOT(ISNUMBER(O18)),NOT(ISNUMBER(P18))),"暂无计划",IF(ISBLANK(Q18),IF(AND(J18-TODAY()>=0,J18-TODAY()<=10),"⚠️ 送检开始（还有"&ROUNDUP(J18-TODAY(),0)&"天，重点关注）",IF(J18>=TODAY(),"送检开始（还有"&ROUNDUP(J18-TODAY(),0)&"天）","送检开始（已超期"&ROUNDUP(TODAY()-J18,0)&"天）")),IF(ISBLANK(S18),IF(AND(L18-TODAY()>=0,L18-TODAY()<=10),"⚠️ 中试开始（还有"&ROUNDUP(L18-TODAY(),0)&"天，重点关注）",IF(L18>=TODAY(),"中试开始（还有"&ROUNDUP(L18-TODAY(),0)&"天）","中试开始（已超期"&ROUNDUP(TODAY()-L18,0)&"天）")),IF(ISBLANK(T18),IF(AND(M18-TODAY()>=0,M18-TODAY()<=10),"⚠️ 中试结束（还有"&ROUNDUP(M18-TODAY(),0)&"天，重点关注）",IF(M18>=TODAY(),"中试结束（还有"&ROUNDUP(M18-TODAY(),0)&"天）","中试结束（已超期"&ROUNDUP(TODAY()-M18,0)&"天）")),IF(ISBLANK(U18),IF(AND(N18-TODAY()>=0,N18-TODAY()<=10),"⚠️ 批产开始（还有"&ROUNDUP(N18-TODAY(),0)&"天，重点关注）",IF(N18>=TODAY(),"批产开始（还有"&ROUNDUP(N18-TODAY(),0)&"天）","批产开始（已超期"&ROUNDUP(TODAY()-N18,0)&"天）")),IF(ISBLANK(V18),IF(AND(O18-TODAY()>=0,O18-TODAY()<=10),"⚠️ 批产结束（还有"&ROUNDUP(O18-TODAY(),0)&"天，重点关注）",IF(O18>=TODAY(),"批产结束（还有"&ROUNDUP(O18-TODAY(),0)&"天）","批产结束（已超期"&ROUNDUP(TODAY()-O18,0)&"天）")),IF(ISBLANK(W18),IF(AND(P18-TODAY()>=0,P18-TODAY()<=10),"⚠️ 上市（还有"&ROUNDUP(P18-TODAY(),0)&"天，重点关注）",IF(P18>=TODAY(),"上市（还有"&ROUNDUP(P18-TODAY(),0)&"天）","上市（已超期"&ROUNDUP(TODAY()-P18,0)&"天）")),"已完成所有阶段"))))))) -> 批产开始（已超期77天）
A19: 18 | B19: 特种消防 | C19: 10101401 | E19: 地铁FAS系统火灾声光警报器 | F19: J-EIN85 | G19: 1 | H19: - | I19: - | J19: 45960 | K19: =(MAX(J19,Q19)+60) -> 46063 | L19: 46063 | M19: 46101 | N19: 46101 | O19: =P19 -> 46172 | P19: 46172 | Q19: 46003 | R19: 46058 | S19: 46051 | T19: 46115 | X19: 45741 | Y19: {=_xlfn.SWITCH(TRUE,ISNUMBER(Q19)*Q19>J19,"逾期完成",ISNUMBER(Q19),"按期完成",J19>TODAY(),"待完成","逾期未完成")} -> 逾期完成 | Z19: {=_xlfn.SWITCH(TRUE,ISNUMBER(R19)*R19>K19,"逾期完成",ISNUMBER(R19),"按期完成",K19>TODAY(),"待完成","逾期未完成")} -> 按期完成 | AA19: {=_xlfn.SWITCH(TRUE,ISNUMBER(S19)*S19>L19,"逾期完成",ISNUMBER(S19),"按期完成",L19>TODAY(),"待完成","逾期未完成")} -> 按期完成 | AB19: {=_xlfn.SWITCH(TRUE,ISNUMBER(T19)*T19>M19,"逾期完成",ISNUMBER(T19),"按期完成",M19>TODAY(),"待完成","逾期未完成")} -> 逾期完成 | AC19: {=_xlfn.SWITCH(TRUE,ISNUMBER(U19)*U19>N19,"逾期完成",ISNUMBER(U19),"按期完成",N19>TODAY(),"待完成","逾期未完成")} -> 逾期未完成 | AD19: {=_xlfn.SWITCH(TRUE,ISNUMBER(V19)*V19>O19,"逾期完成",ISNUMBER(V19),"按期完成",O19>TODAY(),"待完成","逾期未完成")} -> 逾期未完成 | AE19: =IF(ISNUMBER(X19),"已获证","未获证") -> 已获证 | AF19: {=_xlfn.SWITCH(TRUE,ISNUMBER(W19)*W19>P19,"逾期完成",ISNUMBER(W19),"按期完成",P19>TODAY(),"待完成","逾期未完成")} -> 逾期未完成 | AG19: 未完成 | AJ19: 低 | AK19: 纪鹏飞 | AL19: 自研 | AM19: =IF(AND(OR(AB19="按期完成",AB19="逾期完成"),OR(AC19<>"待完成",AD19<>"待完成")),"批产,"&IF(OR(AC19="逾期完成",AC19="逾期未完成",AD19="逾期完成",AD19="逾期未完成"),"逾期","按期"),IF(AND(OR(Z19="按期完成",Z19="逾期完成"),OR(AA19<>"待完成",AB19<>"待完成")),"中试,"&IF(OR(AA19="逾期完成",AA19="逾期未完成",AB19="逾期完成",AB19="逾期未完成"),"逾期","按期"),IF(OR(Y19<>"待完成",Z19<>"待完成"),"送检,"&IF(OR(Y19="逾期完成",Y19="逾期未完成",Z19="逾期完成",Z19="逾期未完成"),"逾期","按期"),"未启动,未开始"))) -> 批产,逾期 | AN19: =IF(OR(NOT(ISNUMBER(J19)),NOT(ISNUMBER(L19)),NOT(ISNUMBER(M19)),NOT(ISNUMBER(N19)),NOT(ISNUMBER(O19)),NOT(ISNUMBER(P19))),"暂无计划",IF(ISBLANK(Q19),IF(AND(J19-TODAY()>=0,J19-TODAY()<=10),"⚠️ 送检开始（还有"&ROUNDUP(J19-TODAY(),0)&"天，重点关注）",IF(J19>=TODAY(),"送检开始（还有"&ROUNDUP(J19-TODAY(),0)&"天）","送检开始（已超期"&ROUNDUP(TODAY()-J19,0)&"天）")),IF(ISBLANK(S19),IF(AND(L19-TODAY()>=0,L19-TODAY()<=10),"⚠️ 中试开始（还有"&ROUNDUP(L19-TODAY(),0)&"天，重点关注）",IF(L19>=TODAY(),"中试开始（还有"&ROUNDUP(L19-TODAY(),0)&"天）","中试开始（已超期"&ROUNDUP(TODAY()-L19,0)&"天）")),IF(ISBLANK(T19),IF(AND(M19-TODAY()>=0,M19-TODAY()<=10),"⚠️ 中试结束（还有"&ROUNDUP(M19-TODAY(),0)&"天，重点关注）",IF(M19>=TODAY(),"中试结束（还有"&ROUNDUP(M19-TODAY(),0)&"天）","中试结束（已超期"&ROUNDUP(TODAY()-M19,0)&"天）")),IF(ISBLANK(U19),IF(AND(N19-TODAY()>=0,N19-TODAY()<=10),"⚠️ 批产开始（还有"&ROUNDUP(N19-TODAY(),0)&"天，重点关注）",IF(N19>=TODAY(),"批产开始（还有"&ROUNDUP(N19-TODAY(),0)&"天）","批产开始（已超期"&ROUNDUP(TODAY()-N19,0)&"天）")),IF(ISBLANK(V19),IF(AND(O19-TODAY()>=0,O19-TODAY()<=10),"⚠️ 批产结束（还有"&ROUNDUP(O19-TODAY(),0)&"天，重点关注）",IF(O19>=TODAY(),"批产结束（还有"&ROUNDUP(O19-TODAY(),0)&"天）","批产结束（已超期"&ROUNDUP(TODAY()-O19,0)&"天）")),IF(ISBLANK(W19),IF(AND(P19-TODAY()>=0,P19-TODAY()<=10),"⚠️ 上市（还有"&ROUNDUP(P19-TODAY(),0)&"天，重点关注）",IF(P19>=TODAY(),"上市（还有"&ROUNDUP(P19-TODAY(),0)&"天）","上市（已超期"&ROUNDUP(TODAY()-P19,0)&"天）")),"已完成所有阶段"))))))) -> 批产开始（已超期77天）
A20: 46 | B20: 智能疏散 | C20: 10401549 | E20: 应急照明集中电源（新标） | F20: EI-D-AC(0.5kVA)-T1L01 | G20: 1 | H20: - | I20: - | J20: 45981 | K20: 46063 | L20: 46042 | M20: 46073 | N20: 46073 | O20: =P20 -> 46143 | P20: 46143 | Q20: 45975 | R20: 46055 | S20: 46048 | T20: 46058 | X20: 46083 | Y20: {=_xlfn.SWITCH(TRUE,ISNUMBER(Q20)*Q20>J20,"逾期完成",ISNUMBER(Q20),"按期完成",J20>TODAY(),"待完成","逾期未完成")} -> 按期完成 | Z20: {=_xlfn.SWITCH(TRUE,ISNUMBER(R20)*R20>K20,"逾期完成",ISNUMBER(R20),"按期完成",K20>TODAY(),"待完成","逾期未完成")} -> 按期完成 | AA20: {=_xlfn.SWITCH(TRUE,ISNUMBER(S20)*S20>L20,"逾期完成",ISNUMBER(S20),"按期完成",L20>TODAY(),"待完成","逾期未完成")} -> 逾期完成 | AB20: {=_xlfn.SWITCH(TRUE,ISNUMBER(T20)*T20>M20,"逾期完成",ISNUMBER(T20),"按期完成",M20>TODAY(),"待完成","逾期未完成")} -> 按期完成 | AC20: {=_xlfn.SWITCH(TRUE,ISNUMBER(U20)*U20>N20,"逾期完成",ISNUMBER(U20),"按期完成",N20>TODAY(),"待完成","逾期未完成")} -> 逾期未完成 | AD20: {=_xlfn.SWITCH(TRUE,ISNUMBER(V20)*V20>O20,"逾期完成",ISNUMBER(V20),"按期完成",O20>TODAY(),"待完成","逾期未完成")} -> 逾期未完成 | AE20: =IF(ISNUMBER(X20),"已获证","未获证") -> 已获证 | AF20: {=_xlfn.SWITCH(TRUE,ISNUMBER(W20)*W20>P20,"逾期完成",ISNUMBER(W20),"按期完成",P20>TODAY(),"待完成","逾期未完成")} -> 逾期未完成 | AG20: 完成 | AJ20: 低 | AK20: 敖翔 | AL20: 自研 | AM20: =IF(AND(OR(AB20="按期完成",AB20="逾期完成"),OR(AC20<>"待完成",AD20<>"待完成")),"批产,"&IF(OR(AC20="逾期完成",AC20="逾期未完成",AD20="逾期完成",AD20="逾期未完成"),"逾期","按期"),IF(AND(OR(Z20="按期完成",Z20="逾期完成"),OR(AA20<>"待完成",AB20<>"待完成")),"中试,"&IF(OR(AA20="逾期完成",AA20="逾期未完成",AB20="逾期完成",AB20="逾期未完成"),"逾期","按期"),IF(OR(Y20<>"待完成",Z20<>"待完成"),"送检,"&IF(OR(Y20="逾期完成",Y20="逾期未完成",Z20="逾期完成",Z20="逾期未完成"),"逾期","按期"),"未启动,未开始"))) -> 批产,逾期 | AN20: =IF(OR(NOT(ISNUMBER(J20)),NOT(ISNUMBER(L20)),NOT(ISNUMBER(M20)),NOT(ISNUMBER(N20)),NOT(ISNUMBER(O20)),NOT(ISNUMBER(P20))),"暂无计划",IF(ISBLANK(Q20),IF(AND(J20-TODAY()>=0,J20-TODAY()<=10),"⚠️ 送检开始（还有"&ROUNDUP(J20-TODAY(),0)&"天，重点关注）",IF(J20>=TODAY(),"送检开始（还有"&ROUNDUP(J20-TODAY(),0)&"天）","送检开始（已超期"&ROUNDUP(TODAY()-J20,0)&"天）")),IF(ISBLANK(S20),IF(AND(L20-TODAY()>=0,L20-TODAY()<=10),"⚠️ 中试开始（还有"&ROUNDUP(L20-TODAY(),0)&"天，重点关注）",IF(L20>=TODAY(),"中试开始（还有"&ROUNDUP(L20-TODAY(),0)&"天）","中试开始（已超期"&ROUNDUP(TODAY()-L20,0)&"天）")),IF(ISBLANK(T20),IF(AND(M20-TODAY()>=0,M20-TODAY()<=10),"⚠️ 中试结束（还有"&ROUNDUP(M20-TODAY(),0)&"天，重点关注）",IF(M20>=TODAY(),"中试结束（还有"&ROUNDUP(M20-TODAY(),0)&"天）","中试结束（已超期"&ROUNDUP(TODAY()-M20,0)&"天）")),IF(ISBLANK(U20),IF(AND(N20-TODAY()>=0,N20-TODAY()<=10),"⚠️ 批产开始（还有"&ROUNDUP(N20-TODAY(),0)&"天，重点关注）",IF(N20>=TODAY(),"批产开始（还有"&ROUNDUP(N20-TODAY(),0)&"天）","批产开始（已超期"&ROUNDUP(TODAY()-N20,0)&"天）")),IF(ISBLANK(V20),IF(AND(O20-TODAY()>=0,O20-TODAY()<=10),"⚠️ 批产结束（还有"&ROUNDUP(O20-TODAY(),0)&"天，重点关注）",IF(O20>=TODAY(),"批产结束（还有"&ROUNDUP(O20-TODAY(),0)&"天）","批产结束（已超期"&ROUNDUP(TODAY()-O20,0)&"天）")),IF(ISBLANK(W20),IF(AND(P20-TODAY()>=0,P20-TODAY()<=10),"⚠️ 上市（还有"&ROUNDUP(P20-TODAY(),0)&"天，重点关注）",IF(P20>=TODAY(),"上市（还有"&ROUNDUP(P20-TODAY(),0)&"天）","上市（已超期"&ROUNDUP(TODAY()-P20,0)&"天）")),"已完成所有阶段"))))))) -> 批产开始（已超期105天） | AO20: 45778 | AP20: 46143
A21: 3 | B21: 火灾报警 | C21: 10101244 | E21: 点型感温火灾探测器 | F21: JTW-ZCD-EI9011（新标） | G21: 1 | H21: - | I21: - | J21: 45991 | K21: =(MAX(J21,Q21)+60) -> 46051 | L21: =MAX(J21,Q21)+30 -> 46021 | M21: 46052 | N21: 46054 | O21: =P21 -> 46022 | P21: 46022 | Q21: 45856 | R21: 45940 | S21: 46006 | T21: 46010 | X21: 45971 | Y21: {=_xlfn.SWITCH(TRUE,ISNUMBER(Q21)*Q21>J21,"逾期完成",ISNUMBER(Q21),"按期完成",J21>TODAY(),"待完成","逾期未完成")} -> 按期完成 | Z21: {=_xlfn.SWITCH(TRUE,ISNUMBER(R21)*R21>K21,"逾期完成",ISNUMBER(R21),"按期完成",K21>TODAY(),"待完成","逾期未完成")} -> 按期完成 | AA21: {=_xlfn.SWITCH(TRUE,ISNUMBER(S21)*S21>L21,"逾期完成",ISNUMBER(S21),"按期完成",L21>TODAY(),"待完成","逾期未完成")} -> 按期完成 | AB21: {=_xlfn.SWITCH(TRUE,ISNUMBER(T21)*T21>M21,"逾期完成",ISNUMBER(T21),"按期完成",M21>TODAY(),"待完成","逾期未完成")} -> 按期完成 | AC21: {=_xlfn.SWITCH(TRUE,ISNUMBER(U21)*U21>N21,"逾期完成",ISNUMBER(U21),"按期完成",N21>TODAY(),"待完成","逾期未完成")} -> 逾期未完成 | AD21: {=_xlfn.SWITCH(TRUE,ISNUMBER(V21)*V21>O21,"逾期完成",ISNUMBER(V21),"按期完成",O21>TODAY(),"待完成","逾期未完成")} -> 逾期未完成 | AE21: =IF(ISNUMBER(X21),"已获证","未获证") -> 已获证 | AF21: {=_xlfn.SWITCH(TRUE,ISNUMBER(W21)*W21>P21,"逾期完成",ISNUMBER(W21),"按期完成",P21>TODAY(),"待完成","逾期未完成")} -> 逾期未完成 | AG21: 完成 | AH21: 0 | AJ21: 低 | AK21: 马洪驰 | AL21: 自研 | AM21: =IF(AND(OR(AB21="按期完成",AB21="逾期完成"),OR(AC21<>"待完成",AD21<>"待完成")),"批产,"&IF(OR(AC21="逾期完成",AC21="逾期未完成",AD21="逾期完成",AD21="逾期未完成"),"逾期","按期"),IF(AND(OR(Z21="按期完成",Z21="逾期完成"),OR(AA21<>"待完成",AB21<>"待完成")),"中试,"&IF(OR(AA21="逾期完成",AA21="逾期未完成",AB21="逾期完成",AB21="逾期未完成"),"逾期","按期"),IF(OR(Y21<>"待完成",Z21<>"待完成"),"送检,"&IF(OR(Y21="逾期完成",Y21="逾期未完成",Z21="逾期完成",Z21="逾期未完成"),"逾期","按期"),"未启动,未开始"))) -> 批产,逾期 | AN21: =IF(OR(NOT(ISNUMBER(J21)),NOT(ISNUMBER(L21)),NOT(ISNUMBER(M21)),NOT(ISNUMBER(N21)),NOT(ISNUMBER(O21)),NOT(ISNUMBER(P21))),"暂无计划",IF(ISBLANK(Q21),IF(AND(J21-TODAY()>=0,J21-TODAY()<=10),"⚠️ 送检开始（还有"&ROUNDUP(J21-TODAY(),0)&"天，重点关注）",IF(J21>=TODAY(),"送检开始（还有"&ROUNDUP(J21-TODAY(),0)&"天）","送检开始（已超期"&ROUNDUP(TODAY()-J21,0)&"天）")),IF(ISBLANK(S21),IF(AND(L21-TODAY()>=0,L21-TODAY()<=10),"⚠️ 中试开始（还有"&ROUNDUP(L21-TODAY(),0)&"天，重点关注）",IF(L21>=TODAY(),"中试开始（还有"&ROUNDUP(L21-TODAY(),0)&"天）","中试开始（已超期"&ROUNDUP(TODAY()-L21,0)&"天）")),IF(ISBLANK(T21),IF(AND(M21-TODAY()>=0,M21-TODAY()<=10),"⚠️ 中试结束（还有"&ROUNDUP(M21-TODAY(),0)&"天，重点关注）",IF(M21>=TODAY(),"中试结束（还有"&ROUNDUP(M21-TODAY(),0)&"天）","中试结束（已超期"&ROUNDUP(TODAY()-M21,0)&"天）")),IF(ISBLANK(U21),IF(AND(N21-TODAY()>=0,N21-TODAY()<=10),"⚠️ 批产开始（还有"&ROUNDUP(N21-TODAY(),0)&"天，重点关注）",IF(N21>=TODAY(),"批产开始（还有"&ROUNDUP(N21-TODAY(),0)&"天）","批产开始（已超期"&ROUNDUP(TODAY()-N21,0)&"天）")),IF(ISBLANK(V21),IF(AND(O21-TODAY()>=0,O21-TODAY()<=10),"⚠️ 批产结束（还有"&ROUNDUP(O21-TODAY(),0)&"天，重点关注）",IF(O21>=TODAY(),"批产结束（还有"&ROUNDUP(O21-TODAY(),0)&"天）","批产结束（已超期"&ROUNDUP(TODAY()-O21,0)&"天）")),IF(ISBLANK(W21),IF(AND(P21-TODAY()>=0,P21-TODAY()<=10),"⚠️ 上市（还有"&ROUNDUP(P21-TODAY(),0)&"天，重点关注）",IF(P21>=TODAY(),"上市（还有"&ROUNDUP(P21-TODAY(),0)&"天）","上市（已超期"&ROUNDUP(TODAY()-P21,0)&"天）")),"已完成所有阶段"))))))) -> 批产开始（已超期124天） | AO21: 45992 | AP21: 46357
A22: 9 | B22: 火灾报警 | E22: 手动报警按钮 | F22: J-SAP-EI9021/J-SAP-EI9021A（新标） | G22: 2 | H22: 10400363/10401068 | I22: EI-C-8602/EI-C-8602L | J22: 45991 | K22: =(MAX(J22,Q22)+60) -> 46051 | L22: =MAX(J22,Q22)+30 -> 46021 | M22: 46052 | N22: 46052 | O22: =P22 -> 46101 | P22: 46101 | Q22: 45856 | R22: 45966 | S22: 45976 | T22: 46048 | U22: 46007 | V22: 46023 | W22: 46023 | X22: 45988 | Y22: {=_xlfn.SWITCH(TRUE,ISNUMBER(Q22)*Q22>J22,"逾期完成",ISNUMBER(Q22),"按期完成",J22>TODAY(),"待完成","逾期未完成")} -> 按期完成 | Z22: {=_xlfn.SWITCH(TRUE,ISNUMBER(R22)*R22>K22,"逾期完成",ISNUMBER(R22),"按期完成",K22>TODAY(),"待完成","逾期未完成")} -> 按期完成 | AA22: {=_xlfn.SWITCH(TRUE,ISNUMBER(S22)*S22>L22,"逾期完成",ISNUMBER(S22),"按期完成",L22>TODAY(),"待完成","逾期未完成")} -> 按期完成 | AB22: {=_xlfn.SWITCH(TRUE,ISNUMBER(T22)*T22>M22,"逾期完成",ISNUMBER(T22),"按期完成",M22>TODAY(),"待完成","逾期未完成")} -> 按期完成 | AC22: {=_xlfn.SWITCH(TRUE,ISNUMBER(U22)*U22>N22,"逾期完成",ISNUMBER(U22),"按期完成",N22>TODAY(),"待完成","逾期未完成")} -> 按期完成 | AD22: {=_xlfn.SWITCH(TRUE,ISNUMBER(V22)*V22>O22,"逾期完成",ISNUMBER(V22),"按期完成",O22>TODAY(),"待完成","逾期未完成")} -> 按期完成 | AE22: =IF(ISNUMBER(X22),"已获证","未获证") -> 已获证 | AF22: {=_xlfn.SWITCH(TRUE,ISNUMBER(W22)*W22>P22,"逾期完成",ISNUMBER(W22),"按期完成",P22>TODAY(),"待完成","逾期未完成")} -> 按期完成 | AG22: 完成 | AH22: 0 | AJ22: 低 | AK22: 胡双寒 | AL22: 自研 | AM22: =IF(AND(OR(AB22="按期完成",AB22="逾期完成"),OR(AC22<>"待完成",AD22<>"待完成")),"批产,"&IF(OR(AC22="逾期完成",AC22="逾期未完成",AD22="逾期完成",AD22="逾期未完成"),"逾期","按期"),IF(AND(OR(Z22="按期完成",Z22="逾期完成"),OR(AA22<>"待完成",AB22<>"待完成")),"中试,"&IF(OR(AA22="逾期完成",AA22="逾期未完成",AB22="逾期完成",AB22="逾期未完成"),"逾期","按期"),IF(OR(Y22<>"待完成",Z22<>"待完成"),"送检,"&IF(OR(Y22="逾期完成",Y22="逾期未完成",Z22="逾期完成",Z22="逾期未完成"),"逾期","按期"),"未启动,未开始"))) -> 批产,按期 | AN22: =IF(OR(NOT(ISNUMBER(J22)),NOT(ISNUMBER(L22)),NOT(ISNUMBER(M22)),NOT(ISNUMBER(N22)),NOT(ISNUMBER(O22)),NOT(ISNUMBER(P22))),"暂无计划",IF(ISBLANK(Q22),IF(AND(J22-TODAY()>=0,J22-TODAY()<=10),"⚠️ 送检开始（还有"&ROUNDUP(J22-TODAY(),0)&"天，重点关注）",IF(J22>=TODAY(),"送检开始（还有"&ROUNDUP(J22-TODAY(),0)&"天）","送检开始（已超期"&ROUNDUP(TODAY()-J22,0)&"天）")),IF(ISBLANK(S22),IF(AND(L22-TODAY()>=0,L22-TODAY()<=10),"⚠️ 中试开始（还有"&ROUNDUP(L22-TODAY(),0)&"天，重点关注）",IF(L22>=TODAY(),"中试开始（还有"&ROUNDUP(L22-TODAY(),0)&"天）","中试开始（已超期"&ROUNDUP(TODAY()-L22,0)&"天）")),IF(ISBLANK(T22),IF(AND(M22-TODAY()>=0,M22-TODAY()<=10),"⚠️ 中试结束（还有"&ROUNDUP(M22-TODAY(),0)&"天，重点关注）",IF(M22>=TODAY(),"中试结束（还有"&ROUNDUP(M22-TODAY(),0)&"天）","中试结束（已超期"&ROUNDUP(TODAY()-M22,0)&"天）")),IF(ISBLANK(U22),IF(AND(N22-TODAY()>=0,N22-TODAY()<=10),"⚠️ 批产开始（还有"&ROUNDUP(N22-TODAY(),0)&"天，重点关注）",IF(N22>=TODAY(),"批产开始（还有"&ROUNDUP(N22-TODAY(),0)&"天）","批产开始（已超期"&ROUNDUP(TODAY()-N22,0)&"天）")),IF(ISBLANK(V22),IF(AND(O22-TODAY()>=0,O22-TODAY()<=10),"⚠️ 批产结束（还有"&ROUNDUP(O22-TODAY(),0)&"天，重点关注）",IF(O22>=TODAY(),"批产结束（还有"&ROUNDUP(O22-TODAY(),0)&"天）","批产结束（已超期"&ROUNDUP(TODAY()-O22,0)&"天）")),IF(ISBLANK(W22),IF(AND(P22-TODAY()>=0,P22-TODAY()<=10),"⚠️ 上市（还有"&ROUNDUP(P22-TODAY(),0)&"天，重点关注）",IF(P22>=TODAY(),"上市（还有"&ROUNDUP(P22-TODAY(),0)&"天）","上市（已超期"&ROUNDUP(TODAY()-P22,0)&"天）")),"已完成所有阶段"))))))) -> 已完成所有阶段 | AO22: 45992 | AP22: 46357
A23: 15 | B23: 特种消防 | C23: 10101409 | E23: 地铁FAS系统点型感温火灾探测器 | F23: JTW-ZCD-EIN13 | G23: 1 | H23: - | I23: - | J23: 45991 | K23: =(MAX(J23,Q23)+60) -> 46051 | L23: 46063 | M23: 46101 | N23: 46101 | O23: =P23 -> 46172 | P23: 46172 | Q23: 45966 | R23: 46079 | S23: 46051 | T23: 46122 | X23: 45741 | Y23: {=_xlfn.SWITCH(TRUE,ISNUMBER(Q23)*Q23>J23,"逾期完成",ISNUMBER(Q23),"按期完成",J23>TODAY(),"待完成","逾期未完成")} -> 按期完成 | Z23: {=_xlfn.SWITCH(TRUE,ISNUMBER(R23)*R23>K23,"逾期完成",ISNUMBER(R23),"按期完成",K23>TODAY(),"待完成","逾期未完成")} -> 逾期完成 | AA23: {=_xlfn.SWITCH(TRUE,ISNUMBER(S23)*S23>L23,"逾期完成",ISNUMBER(S23),"按期完成",L23>TODAY(),"待完成","逾期未完成")} -> 按期完成 | AB23: {=_xlfn.SWITCH(TRUE,ISNUMBER(T23)*T23>M23,"逾期完成",ISNUMBER(T23),"按期完成",M23>TODAY(),"待完成","逾期未完成")} -> 逾期完成 | AC23: {=_xlfn.SWITCH(TRUE,ISNUMBER(U23)*U23>N23,"逾期完成",ISNUMBER(U23),"按期完成",N23>TODAY(),"待完成","逾期未完成")} -> 逾期未完成 | AD23: {=_xlfn.SWITCH(TRUE,ISNUMBER(V23)*V23>O23,"逾期完成",ISNUMBER(V23),"按期完成",O23>TODAY(),"待完成","逾期未完成")} -> 逾期未完成 | AE23: =IF(ISNUMBER(X23),"已获证","未获证") -> 已获证 | AF23: {=_xlfn.SWITCH(TRUE,ISNUMBER(W23)*W23>P23,"逾期完成",ISNUMBER(W23),"按期完成",P23>TODAY(),"待完成","逾期未完成")} -> 逾期未完成 | AG23: 未完成 | AJ23: 低 | AK23: 马洪驰 | AL23: 自研 | AM23: =IF(AND(OR(AB23="按期完成",AB23="逾期完成"),OR(AC23<>"待完成",AD23<>"待完成")),"批产,"&IF(OR(AC23="逾期完成",AC23="逾期未完成",AD23="逾期完成",AD23="逾期未完成"),"逾期","按期"),IF(AND(OR(Z23="按期完成",Z23="逾期完成"),OR(AA23<>"待完成",AB23<>"待完成")),"中试,"&IF(OR(AA23="逾期完成",AA23="逾期未完成",AB23="逾期完成",AB23="逾期未完成"),"逾期","按期"),IF(OR(Y23<>"待完成",Z23<>"待完成"),"送检,"&IF(OR(Y23="逾期完成",Y23="逾期未完成",Z23="逾期完成",Z23="逾期未完成"),"逾期","按期"),"未启动,未开始"))) -> 批产,逾期 | AN23: =IF(OR(NOT(ISNUMBER(J23)),NOT(ISNUMBER(L23)),NOT(ISNUMBER(M23)),NOT(ISNUMBER(N23)),NOT(ISNUMBER(O23)),NOT(ISNUMBER(P23))),"暂无计划",IF(ISBLANK(Q23),IF(AND(J23-TODAY()>=0,J23-TODAY()<=10),"⚠️ 送检开始（还有"&ROUNDUP(J23-TODAY(),0)&"天，重点关注）",IF(J23>=TODAY(),"送检开始（还有"&ROUNDUP(J23-TODAY(),0)&"天）","送检开始（已超期"&ROUNDUP(TODAY()-J23,0)&"天）")),IF(ISBLANK(S23),IF(AND(L23-TODAY()>=0,L23-TODAY()<=10),"⚠️ 中试开始（还有"&ROUNDUP(L23-TODAY(),0)&"天，重点关注）",IF(L23>=TODAY(),"中试开始（还有"&ROUNDUP(L23-TODAY(),0)&"天）","中试开始（已超期"&ROUNDUP(TODAY()-L23,0)&"天）")),IF(ISBLANK(T23),IF(AND(M23-TODAY()>=0,M23-TODAY()<=10),"⚠️ 中试结束（还有"&ROUNDUP(M23-TODAY(),0)&"天，重点关注）",IF(M23>=TODAY(),"中试结束（还有"&ROUNDUP(M23-TODAY(),0)&"天）","中试结束（已超期"&ROUNDUP(TODAY()-M23,0)&"天）")),IF(ISBLANK(U23),IF(AND(N23-TODAY()>=0,N23-TODAY()<=10),"⚠️ 批产开始（还有"&ROUNDUP(N23-TODAY(),0)&"天，重点关注）",IF(N23>=TODAY(),"批产开始（还有"&ROUNDUP(N23-TODAY(),0)&"天）","批产开始（已超期"&ROUNDUP(TODAY()-N23,0)&"天）")),IF(ISBLANK(V23),IF(AND(O23-TODAY()>=0,O23-TODAY()<=10),"⚠️ 批产结束（还有"&ROUNDUP(O23-TODAY(),0)&"天，重点关注）",IF(O23>=TODAY(),"批产结束（还有"&ROUNDUP(O23-TODAY(),0)&"天）","批产结束（已超期"&ROUNDUP(TODAY()-O23,0)&"天）")),IF(ISBLANK(W23),IF(AND(P23-TODAY()>=0,P23-TODAY()<=10),"⚠️ 上市（还有"&ROUNDUP(P23-TODAY(),0)&"天，重点关注）",IF(P23>=TODAY(),"上市（还有"&ROUNDUP(P23-TODAY(),0)&"天）","上市（已超期"&ROUNDUP(TODAY()-P23,0)&"天）")),"已完成所有阶段"))))))) -> 批产开始（已超期77天） | AO23: 45992 | AP23: 46357
A24: 2 | B24: 火灾报警 | C24: 10101969 | E24: 点型感温火灾探测器（本安型） | F24: JTW-ZCD-EI9013Ex | G24: 1 | H24: 10100810 | I24: JTW-ZCD-EI8015Ex | J24: 46021 | K24: 46091 | L24: 46073 | M24: 46111 | N24: 46113 | O24: =P24 -> 46172 | P24: 46172 | Q24: 46018 | R24: 46142 | S24: 46098 | T24: 46139 | X24: 46175 | Y24: {=_xlfn.SWITCH(TRUE,ISNUMBER(Q24)*Q24>J24,"逾期完成",ISNUMBER(Q24),"按期完成",J24>TODAY(),"待完成","逾期未完成")} -> 按期完成 | Z24: {=_xlfn.SWITCH(TRUE,ISNUMBER(R24)*R24>K24,"逾期完成",ISNUMBER(R24),"按期完成",K24>TODAY(),"待完成","逾期未完成")} -> 逾期完成 | AA24: {=_xlfn.SWITCH(TRUE,ISNUMBER(S24)*S24>L24,"逾期完成",ISNUMBER(S24),"按期完成",L24>TODAY(),"待完成","逾期未完成")} -> 逾期完成 | AB24: {=_xlfn.SWITCH(TRUE,ISNUMBER(T24)*T24>M24,"逾期完成",ISNUMBER(T24),"按期完成",M24>TODAY(),"待完成","逾期未完成")} -> 逾期完成 | AC24: {=_xlfn.SWITCH(TRUE,ISNUMBER(U24)*U24>N24,"逾期完成",ISNUMBER(U24),"按期完成",N24>TODAY(),"待完成","逾期未完成")} -> 逾期未完成 | AD24: {=_xlfn.SWITCH(TRUE,ISNUMBER(V24)*V24>O24,"逾期完成",ISNUMBER(V24),"按期完成",O24>TODAY(),"待完成","逾期未完成")} -> 逾期未完成 | AE24: =IF(ISNUMBER(X24),"已获证","未获证") -> 已获证 | AF24: {=_xlfn.SWITCH(TRUE,ISNUMBER(W24)*W24>P24,"逾期完成",ISNUMBER(W24),"按期完成",P24>TODAY(),"待完成","逾期未完成")} -> 逾期未完成 | AG24: 未完成 | AJ24: 低 | AK24: 崔景贺 | AL24: 自研 | AM24: =IF(AND(OR(AB24="按期完成",AB24="逾期完成"),OR(AC24<>"待完成",AD24<>"待完成")),"批产,"&IF(OR(AC24="逾期完成",AC24="逾期未完成",AD24="逾期完成",AD24="逾期未完成"),"逾期","按期"),IF(AND(OR(Z24="按期完成",Z24="逾期完成"),OR(AA24<>"待完成",AB24<>"待完成")),"中试,"&IF(OR(AA24="逾期完成",AA24="逾期未完成",AB24="逾期完成",AB24="逾期未完成"),"逾期","按期"),IF(OR(Y24<>"待完成",Z24<>"待完成"),"送检,"&IF(OR(Y24="逾期完成",Y24="逾期未完成",Z24="逾期完成",Z24="逾期未完成"),"逾期","按期"),"未启动,未开始"))) -> 批产,逾期 | AN24: =IF(OR(NOT(ISNUMBER(J24)),NOT(ISNUMBER(L24)),NOT(ISNUMBER(M24)),NOT(ISNUMBER(N24)),NOT(ISNUMBER(O24)),NOT(ISNUMBER(P24))),"暂无计划",IF(ISBLANK(Q24),IF(AND(J24-TODAY()>=0,J24-TODAY()<=10),"⚠️ 送检开始（还有"&ROUNDUP(J24-TODAY(),0)&"天，重点关注）",IF(J24>=TODAY(),"送检开始（还有"&ROUNDUP(J24-TODAY(),0)&"天）","送检开始（已超期"&ROUNDUP(TODAY()-J24,0)&"天）")),IF(ISBLANK(S24),IF(AND(L24-TODAY()>=0,L24-TODAY()<=10),"⚠️ 中试开始（还有"&ROUNDUP(L24-TODAY(),0)&"天，重点关注）",IF(L24>=TODAY(),"中试开始（还有"&ROUNDUP(L24-TODAY(),0)&"天）","中试开始（已超期"&ROUNDUP(TODAY()-L24,0)&"天）")),IF(ISBLANK(T24),IF(AND(M24-TODAY()>=0,M24-TODAY()<=10),"⚠️ 中试结束（还有"&ROUNDUP(M24-TODAY(),0)&"天，重点关注）",IF(M24>=TODAY(),"中试结束（还有"&ROUNDUP(M24-TODAY(),0)&"天）","中试结束（已超期"&ROUNDUP(TODAY()-M24,0)&"天）")),IF(ISBLANK(U24),IF(AND(N24-TODAY()>=0,N24-TODAY()<=10),"⚠️ 批产开始（还有"&ROUNDUP(N24-TODAY(),0)&"天，重点关注）",IF(N24>=TODAY(),"批产开始（还有"&ROUNDUP(N24-TODAY(),0)&"天）","批产开始（已超期"&ROUNDUP(TODAY()-N24,0)&"天）")),IF(ISBLANK(V24),IF(AND(O24-TODAY()>=0,O24-TODAY()<=10),"⚠️ 批产结束（还有"&ROUNDUP(O24-TODAY(),0)&"天，重点关注）",IF(O24>=TODAY(),"批产结束（还有"&ROUNDUP(O24-TODAY(),0)&"天）","批产结束（已超期"&ROUNDUP(TODAY()-O24,0)&"天）")),IF(ISBLANK(W24),IF(AND(P24-TODAY()>=0,P24-TODAY()<=10),"⚠️ 上市（还有"&ROUNDUP(P24-TODAY(),0)&"天，重点关注）",IF(P24>=TODAY(),"上市（还有"&ROUNDUP(P24-TODAY(),0)&"天）","上市（已超期"&ROUNDUP(TODAY()-P24,0)&"天）")),"已完成所有阶段"))))))) -> 批产开始（已超期65天） | AO24: 45992 | AP24: 46357
A25: 11 | B25: 智能疏散 | E25: 消防应急疏散标志灯具（防水） | F25: EI-BZ-ACJ(E2Ⅰ)-H等 | G25: 9 | H25: - | I25: - | J25: 46021 | K25: =(MAX(J25,Q25)+60) -> 46081 | L25: 46091 | M25: 46132 | N25: 46142 | O25: =P25 -> 46172 | P25: 46172 | Q25: 46021 | R25: 46121 | S25: 46092 | T25: =VLOOKUP(F25,'中试细化（不考核研发）'!B:Q,16,FALSE) -> 46161 | X25: 46161 | Y25: {=_xlfn.SWITCH(TRUE,ISNUMBER(Q25)*Q25>J25,"逾期完成",ISNUMBER(Q25),"按期完成",J25>TODAY(),"待完成","逾期未完成")} -> 按期完成 | Z25: {=_xlfn.SWITCH(TRUE,ISNUMBER(R25)*R25>K25,"逾期完成",ISNUMBER(R25),"按期完成",K25>TODAY(),"待完成","逾期未完成")} -> 逾期完成 | AA25: {=_xlfn.SWITCH(TRUE,ISNUMBER(S25)*S25>L25,"逾期完成",ISNUMBER(S25),"按期完成",L25>TODAY(),"待完成","逾期未完成")} -> 逾期完成 | AB25: {=_xlfn.SWITCH(TRUE,ISNUMBER(T25)*T25>M25,"逾期完成",ISNUMBER(T25),"按期完成",M25>TODAY(),"待完成","逾期未完成")} -> 逾期完成 | AC25: {=_xlfn.SWITCH(TRUE,ISNUMBER(U25)*U25>N25,"逾期完成",ISNUMBER(U25),"按期完成",N25>TODAY(),"待完成","逾期未完成")} -> 逾期未完成 | AD25: {=_xlfn.SWITCH(TRUE,ISNUMBER(V25)*V25>O25,"逾期完成",ISNUMBER(V25),"按期完成",O25>TODAY(),"待完成","逾期未完成")} -> 逾期未完成 | AE25: =IF(ISNUMBER(X25),"已获证","未获证") -> 已获证 | AF25: {=_xlfn.SWITCH(TRUE,ISNUMBER(W25)*W25>P25,"逾期完成",ISNUMBER(W25),"按期完成",P25>TODAY(),"待完成","逾期未完成")} -> 逾期未完成 | AG25: 未完成 | AJ25: 低 | AK25: 王旭东 | AL25: 自研 | AM25: =IF(AND(OR(AB25="按期完成",AB25="逾期完成"),OR(AC25<>"待完成",AD25<>"待完成")),"批产,"&IF(OR(AC25="逾期完成",AC25="逾期未完成",AD25="逾期完成",AD25="逾期未完成"),"逾期","按期"),IF(AND(OR(Z25="按期完成",Z25="逾期完成"),OR(AA25<>"待完成",AB25<>"待完成")),"中试,"&IF(OR(AA25="逾期完成",AA25="逾期未完成",AB25="逾期完成",AB25="逾期未完成"),"逾期","按期"),IF(OR(Y25<>"待完成",Z25<>"待完成"),"送检,"&IF(OR(Y25="逾期完成",Y25="逾期未完成",Z25="逾期完成",Z25="逾期未完成"),"逾期","按期"),"未启动,未开始"))) -> 批产,逾期 | AN25: =IF(OR(NOT(ISNUMBER(J25)),NOT(ISNUMBER(L25)),NOT(ISNUMBER(M25)),NOT(ISNUMBER(N25)),NOT(ISNUMBER(O25)),NOT(ISNUMBER(P25))),"暂无计划",IF(ISBLANK(Q25),IF(AND(J25-TODAY()>=0,J25-TODAY()<=10),"⚠️ 送检开始（还有"&ROUNDUP(J25-TODAY(),0)&"天，重点关注）",IF(J25>=TODAY(),"送检开始（还有"&ROUNDUP(J25-TODAY(),0)&"天）","送检开始（已超期"&ROUNDUP(TODAY()-J25,0)&"天）")),IF(ISBLANK(S25),IF(AND(L25-TODAY()>=0,L25-TODAY()<=10),"⚠️ 中试开始（还有"&ROUNDUP(L25-TODAY(),0)&"天，重点关注）",IF(L25>=TODAY(),"中试开始（还有"&ROUNDUP(L25-TODAY(),0)&"天）","中试开始（已超期"&ROUNDUP(TODAY()-L25,0)&"天）")),IF(ISBLANK(T25),IF(AND(M25-TODAY()>=0,M25-TODAY()<=10),"⚠️ 中试结束（还有"&ROUNDUP(M25-TODAY(),0)&"天，重点关注）",IF(M25>=TODAY(),"中试结束（还有"&ROUNDUP(M25-TODAY(),0)&"天）","中试结束（已超期"&ROUNDUP(TODAY()-M25,0)&"天）")),IF(ISBLANK(U25),IF(AND(N25-TODAY()>=0,N25-TODAY()<=10),"⚠️ 批产开始（还有"&ROUNDUP(N25-TODAY(),0)&"天，重点关注）",IF(N25>=TODAY(),"批产开始（还有"&ROUNDUP(N25-TODAY(),0)&"天）","批产开始（已超期"&ROUNDUP(TODAY()-N25,0)&"天）")),IF(ISBLANK(V25),IF(AND(O25-TODAY()>=0,O25-TODAY()<=10),"⚠️ 批产结束（还有"&ROUNDUP(O25-TODAY(),0)&"天，重点关注）",IF(O25>=TODAY(),"批产结束（还有"&ROUNDUP(O25-TODAY(),0)&"天）","批产结束（已超期"&ROUNDUP(TODAY()-O25,0)&"天）")),IF(ISBLANK(W25),IF(AND(P25-TODAY()>=0,P25-TODAY()<=10),"⚠️ 上市（还有"&ROUNDUP(P25-TODAY(),0)&"天，重点关注）",IF(P25>=TODAY(),"上市（还有"&ROUNDUP(P25-TODAY(),0)&"天）","上市（已超期"&ROUNDUP(TODAY()-P25,0)&"天）")),"已完成所有阶段"))))))) -> 批产开始（已超期36天） | AO25: 45778 | AP25: 46143
A26: 23 | B26: 特种消防 | C26: 10102013 | E26: 地铁FAS系统控制器 | F26: JB-TBL-EIN98 | G26: 1 | H26: - | I26: - | J26: 46021 | K26: 46101 | L26: 46101 | M26: 46132 | N26: 46132 | O26: =P26 -> 46172 | P26: 46172 | Q26: 46000 | R26: 46084 | S26: 46098 | X26: 45741 | Y26: {=_xlfn.SWITCH(TRUE,ISNUMBER(Q26)*Q26>J26,"逾期完成",ISNUMBER(Q26),"按期完成",J26>TODAY(),"待完成","逾期未完成")} -> 按期完成 | Z26: {=_xlfn.SWITCH(TRUE,ISNUMBER(R26)*R26>K26,"逾期完成",ISNUMBER(R26),"按期完成",K26>TODAY(),"待完成","逾期未完成")} -> 按期完成 | AA26: {=_xlfn.SWITCH(TRUE,ISNUMBER(S26)*S26>L26,"逾期完成",ISNUMBER(S26),"按期完成",L26>TODAY(),"待完成","逾期未完成")} -> 按期完成 | AB26: {=_xlfn.SWITCH(TRUE,ISNUMBER(T26)*T26>M26,"逾期完成",ISNUMBER(T26),"按期完成",M26>TODAY(),"待完成","逾期未完成")} -> 逾期未完成 | AC26: {=_xlfn.SWITCH(TRUE,ISNUMBER(U26)*U26>N26,"逾期完成",ISNUMBER(U26),"按期完成",N26>TODAY(),"待完成","逾期未完成")} -> 逾期未完成 | AD26: {=_xlfn.SWITCH(TRUE,ISNUMBER(V26)*V26>O26,"逾期完成",ISNUMBER(V26),"按期完成",O26>TODAY(),"待完成","逾期未完成")} -> 逾期未完成 | AE26: =IF(ISNUMBER(X26),"已获证","未获证") -> 已获证 | AF26: {=_xlfn.SWITCH(TRUE,ISNUMBER(W26)*W26>P26,"逾期完成",ISNUMBER(W26),"按期完成",P26>TODAY(),"待完成","逾期未完成")} -> 逾期未完成 | AG26: 未完成 | AJ26: 高 | AK26: 庞传道 | AL26: 自研 | AM26: =IF(AND(OR(AB26="按期完成",AB26="逾期完成"),OR(AC26<>"待完成",AD26<>"待完成")),"批产,"&IF(OR(AC26="逾期完成",AC26="逾期未完成",AD26="逾期完成",AD26="逾期未完成"),"逾期","按期"),IF(AND(OR(Z26="按期完成",Z26="逾期完成"),OR(AA26<>"待完成",AB26<>"待完成")),"中试,"&IF(OR(AA26="逾期完成",AA26="逾期未完成",AB26="逾期完成",AB26="逾期未完成"),"逾期","按期"),IF(OR(Y26<>"待完成",Z26<>"待完成"),"送检,"&IF(OR(Y26="逾期完成",Y26="逾期未完成",Z26="逾期完成",Z26="逾期未完成"),"逾期","按期"),"未启动,未开始"))) -> 中试,逾期 | AN26: =IF(OR(NOT(ISNUMBER(J26)),NOT(ISNUMBER(L26)),NOT(ISNUMBER(M26)),NOT(ISNUMBER(N26)),NOT(ISNUMBER(O26)),NOT(ISNUMBER(P26))),"暂无计划",IF(ISBLANK(Q26),IF(AND(J26-TODAY()>=0,J26-TODAY()<=10),"⚠️ 送检开始（还有"&ROUNDUP(J26-TODAY(),0)&"天，重点关注）",IF(J26>=TODAY(),"送检开始（还有"&ROUNDUP(J26-TODAY(),0)&"天）","送检开始（已超期"&ROUNDUP(TODAY()-J26,0)&"天）")),IF(ISBLANK(S26),IF(AND(L26-TODAY()>=0,L26-TODAY()<=10),"⚠️ 中试开始（还有"&ROUNDUP(L26-TODAY(),0)&"天，重点关注）",IF(L26>=TODAY(),"中试开始（还有"&ROUNDUP(L26-TODAY(),0)&"天）","中试开始（已超期"&ROUNDUP(TODAY()-L26,0)&"天）")),IF(ISBLANK(T26),IF(AND(M26-TODAY()>=0,M26-TODAY()<=10),"⚠️ 中试结束（还有"&ROUNDUP(M26-TODAY(),0)&"天，重点关注）",IF(M26>=TODAY(),"中试结束（还有"&ROUNDUP(M26-TODAY(),0)&"天）","中试结束（已超期"&ROUNDUP(TODAY()-M26,0)&"天）")),IF(ISBLANK(U26),IF(AND(N26-TODAY()>=0,N26-TODAY()<=10),"⚠️ 批产开始（还有"&ROUNDUP(N26-TODAY(),0)&"天，重点关注）",IF(N26>=TODAY(),"批产开始（还有"&ROUNDUP(N26-TODAY(),0)&"天）","批产开始（已超期"&ROUNDUP(TODAY()-N26,0)&"天）")),IF(ISBLANK(V26),IF(AND(O26-TODAY()>=0,O26-TODAY()<=10),"⚠️ 批产结束（还有"&ROUNDUP(O26-TODAY(),0)&"天，重点关注）",IF(O26>=TODAY(),"批产结束（还有"&ROUNDUP(O26-TODAY(),0)&"天）","批产结束（已超期"&ROUNDUP(TODAY()-O26,0)&"天）")),IF(ISBLANK(W26),IF(AND(P26-TODAY()>=0,P26-TODAY()<=10),"⚠️ 上市（还有"&ROUNDUP(P26-TODAY(),0)&"天，重点关注）",IF(P26>=TODAY(),"上市（还有"&ROUNDUP(P26-TODAY(),0)&"天）","上市（已超期"&ROUNDUP(TODAY()-P26,0)&"天）")),"已完成所有阶段"))))))) -> 中试结束（已超期46天）
A27: 33 | B27: 工业消防 | C27: 19902044 | E27: 点型红/紫外火焰探测器（中科永安项目） | F27: JTG-IR2U-EI301Ex | G27: 1 | H27: - | I27: - | J27: 46021 | K27: 46162 | L27: 46152 | M27: =IF((L27+IF(AJ27="高",45,30))>P27,P27-30,L27+IF(AJ27="高",45,30)) -> 46182 | N27: =P27-IF(AJ27="高",50,30) -> 46173 | O27: =P27 -> 46203 | P27: 46203 | Q27: 46016 | R27: 46111 | S27: 46141 | X27: 46136 | Y27: {=_xlfn.SWITCH(TRUE,ISNUMBER(Q27)*Q27>J27,"逾期完成",ISNUMBER(Q27),"按期完成",J27>TODAY(),"待完成","逾期未完成")} -> 按期完成 | Z27: {=_xlfn.SWITCH(TRUE,ISNUMBER(R27)*R27>K27,"逾期完成",ISNUMBER(R27),"按期完成",K27>TODAY(),"待完成","逾期未完成")} -> 按期完成 | AA27: {=_xlfn.SWITCH(TRUE,ISNUMBER(S27)*S27>L27,"逾期完成",ISNUMBER(S27),"按期完成",L27>TODAY(),"待完成","逾期未完成")} -> 按期完成 | AB27: {=_xlfn.SWITCH(TRUE,ISNUMBER(T27)*T27>M27,"逾期完成",ISNUMBER(T27),"按期完成",M27>TODAY(),"待完成","逾期未完成")} -> 待完成 | AC27: {=_xlfn.SWITCH(TRUE,ISNUMBER(U27)*U27>N27,"逾期完成",ISNUMBER(U27),"按期完成",N27>TODAY(),"待完成","逾期未完成")} -> 逾期未完成 | AD27: {=_xlfn.SWITCH(TRUE,ISNUMBER(V27)*V27>O27,"逾期完成",ISNUMBER(V27),"按期完成",O27>TODAY(),"待完成","逾期未完成")} -> 待完成 | AE27: =IF(ISNUMBER(X27),"已获证","未获证") -> 已获证 | AF27: {=_xlfn.SWITCH(TRUE,ISNUMBER(W27)*W27>P27,"逾期完成",ISNUMBER(W27),"按期完成",P27>TODAY(),"待完成","逾期未完成")} -> 待完成 | AG27: 未完成 | AI27: 2025/8/30送检失败 | AJ27: 低 | AK27: 靳超 | AL27: 合作 | AM27: =IF(AND(OR(AB27="按期完成",AB27="逾期完成"),OR(AC27<>"待完成",AD27<>"待完成")),"批产,"&IF(OR(AC27="逾期完成",AC27="逾期未完成",AD27="逾期完成",AD27="逾期未完成"),"逾期","按期"),IF(AND(OR(Z27="按期完成",Z27="逾期完成"),OR(AA27<>"待完成",AB27<>"待完成")),"中试,"&IF(OR(AA27="逾期完成",AA27="逾期未完成",AB27="逾期完成",AB27="逾期未完成"),"逾期","按期"),IF(OR(Y27<>"待完成",Z27<>"待完成"),"送检,"&IF(OR(Y27="逾期完成",Y27="逾期未完成",Z27="逾期完成",Z27="逾期未完成"),"逾期","按期"),"未启动,未开始"))) -> 中试,按期 | AN27: =IF(OR(NOT(ISNUMBER(J27)),NOT(ISNUMBER(L27)),NOT(ISNUMBER(M27)),NOT(ISNUMBER(N27)),NOT(ISNUMBER(O27)),NOT(ISNUMBER(P27))),"暂无计划",IF(ISBLANK(Q27),IF(AND(J27-TODAY()>=0,J27-TODAY()<=10),"⚠️ 送检开始（还有"&ROUNDUP(J27-TODAY(),0)&"天，重点关注）",IF(J27>=TODAY(),"送检开始（还有"&ROUNDUP(J27-TODAY(),0)&"天）","送检开始（已超期"&ROUNDUP(TODAY()-J27,0)&"天）")),IF(ISBLANK(S27),IF(AND(L27-TODAY()>=0,L27-TODAY()<=10),"⚠️ 中试开始（还有"&ROUNDUP(L27-TODAY(),0)&"天，重点关注）",IF(L27>=TODAY(),"中试开始（还有"&ROUNDUP(L27-TODAY(),0)&"天）","中试开始（已超期"&ROUNDUP(TODAY()-L27,0)&"天）")),IF(ISBLANK(T27),IF(AND(M27-TODAY()>=0,M27-TODAY()<=10),"⚠️ 中试结束（还有"&ROUNDUP(M27-TODAY(),0)&"天，重点关注）",IF(M27>=TODAY(),"中试结束（还有"&ROUNDUP(M27-TODAY(),0)&"天）","中试结束（已超期"&ROUNDUP(TODAY()-M27,0)&"天）")),IF(ISBLANK(U27),IF(AND(N27-TODAY()>=0,N27-TODAY()<=10),"⚠️ 批产开始（还有"&ROUNDUP(N27-TODAY(),0)&"天，重点关注）",IF(N27>=TODAY(),"批产开始（还有"&ROUNDUP(N27-TODAY(),0)&"天）","批产开始（已超期"&ROUNDUP(TODAY()-N27,0)&"天）")),IF(ISBLANK(V27),IF(AND(O27-TODAY()>=0,O27-TODAY()<=10),"⚠️ 批产结束（还有"&ROUNDUP(O27-TODAY(),0)&"天，重点关注）",IF(O27>=TODAY(),"批产结束（还有"&ROUNDUP(O27-TODAY(),0)&"天）","批产结束（已超期"&ROUNDUP(TODAY()-O27,0)&"天）")),IF(ISBLANK(W27),IF(AND(P27-TODAY()>=0,P27-TODAY()<=10),"⚠️ 上市（还有"&ROUNDUP(P27-TODAY(),0)&"天，重点关注）",IF(P27>=TODAY(),"上市（还有"&ROUNDUP(P27-TODAY(),0)&"天）","上市（已超期"&ROUNDUP(TODAY()-P27,0)&"天）")),"已完成所有阶段"))))))) -> ⚠️ 中试结束（还有4天，重点关注） | AO27: 46327 | AP27: 46692
A28: 34 | B28: 工业消防 | C28: 19902045 | E28: 点型红/紫外火焰探测器（中科永安项目） | F28: JTG-IR3U-EI301Ex | G28: 1 | H28: - | I28: - | J28: 46021 | K28: 46162 | L28: 46152 | M28: =IF((L28+IF(AJ28="高",45,30))>P28,P28-30,L28+IF(AJ28="高",45,30)) -> 46182 | N28: =P28-IF(AJ28="高",50,30) -> 46173 | O28: =P28 -> 46203 | P28: 46203 | Q28: 46016 | R28: 46111 | S28: 46141 | X28: 46136 | Y28: {=_xlfn.SWITCH(TRUE,ISNUMBER(Q28)*Q28>J28,"逾期完成",ISNUMBER(Q28),"按期完成",J28>TODAY(),"待完成","逾期未完成")} -> 按期完成 | Z28: {=_xlfn.SWITCH(TRUE,ISNUMBER(R28)*R28>K28,"逾期完成",ISNUMBER(R28),"按期完成",K28>TODAY(),"待完成","逾期未完成")} -> 按期完成 | AA28: {=_xlfn.SWITCH(TRUE,ISNUMBER(S28)*S28>L28,"逾期完成",ISNUMBER(S28),"按期完成",L28>TODAY(),"待完成","逾期未完成")} -> 按期完成 | AB28: {=_xlfn.SWITCH(TRUE,ISNUMBER(T28)*T28>M28,"逾期完成",ISNUMBER(T28),"按期完成",M28>TODAY(),"待完成","逾期未完成")} -> 待完成 | AC28: {=_xlfn.SWITCH(TRUE,ISNUMBER(U28)*U28>N28,"逾期完成",ISNUMBER(U28),"按期完成",N28>TODAY(),"待完成","逾期未完成")} -> 逾期未完成 | AD28: {=_xlfn.SWITCH(TRUE,ISNUMBER(V28)*V28>O28,"逾期完成",ISNUMBER(V28),"按期完成",O28>TODAY(),"待完成","逾期未完成")} -> 待完成 | AE28: =IF(ISNUMBER(X28),"已获证","未获证") -> 已获证 | AF28: {=_xlfn.SWITCH(TRUE,ISNUMBER(W28)*W28>P28,"逾期完成",ISNUMBER(W28),"按期完成",P28>TODAY(),"待完成","逾期未完成")} -> 待完成 | AG28: 未完成 | AI28: 2025/8/30送检失败 | AJ28: 低 | AK28: 靳超 | AL28: 合作 | AM28: =IF(AND(OR(AB28="按期完成",AB28="逾期完成"),OR(AC28<>"待完成",AD28<>"待完成")),"批产,"&IF(OR(AC28="逾期完成",AC28="逾期未完成",AD28="逾期完成",AD28="逾期未完成"),"逾期","按期"),IF(AND(OR(Z28="按期完成",Z28="逾期完成"),OR(AA28<>"待完成",AB28<>"待完成")),"中试,"&IF(OR(AA28="逾期完成",AA28="逾期未完成",AB28="逾期完成",AB28="逾期未完成"),"逾期","按期"),IF(OR(Y28<>"待完成",Z28<>"待完成"),"送检,"&IF(OR(Y28="逾期完成",Y28="逾期未完成",Z28="逾期完成",Z28="逾期未完成"),"逾期","按期"),"未启动,未开始"))) -> 中试,按期 | AN28: =IF(OR(NOT(ISNUMBER(J28)),NOT(ISNUMBER(L28)),NOT(ISNUMBER(M28)),NOT(ISNUMBER(N28)),NOT(ISNUMBER(O28)),NOT(ISNUMBER(P28))),"暂无计划",IF(ISBLANK(Q28),IF(AND(J28-TODAY()>=0,J28-TODAY()<=10),"⚠️ 送检开始（还有"&ROUNDUP(J28-TODAY(),0)&"天，重点关注）",IF(J28>=TODAY(),"送检开始（还有"&ROUNDUP(J28-TODAY(),0)&"天）","送检开始（已超期"&ROUNDUP(TODAY()-J28,0)&"天）")),IF(ISBLANK(S28),IF(AND(L28-TODAY()>=0,L28-TODAY()<=10),"⚠️ 中试开始（还有"&ROUNDUP(L28-TODAY(),0)&"天，重点关注）",IF(L28>=TODAY(),"中试开始（还有"&ROUNDUP(L28-TODAY(),0)&"天）","中试开始（已超期"&ROUNDUP(TODAY()-L28,0)&"天）")),IF(ISBLANK(T28),IF(AND(M28-TODAY()>=0,M28-TODAY()<=10),"⚠️ 中试结束（还有"&ROUNDUP(M28-TODAY(),0)&"天，重点关注）",IF(M28>=TODAY(),"中试结束（还有"&ROUNDUP(M28-TODAY(),0)&"天）","中试结束（已超期"&ROUNDUP(TODAY()-M28,0)&"天）")),IF(ISBLANK(U28),IF(AND(N28-TODAY()>=0,N28-TODAY()<=10),"⚠️ 批产开始（还有"&ROUNDUP(N28-TODAY(),0)&"天，重点关注）",IF(N28>=TODAY(),"批产开始（还有"&ROUNDUP(N28-TODAY(),0)&"天）","批产开始（已超期"&ROUNDUP(TODAY()-N28,0)&"天）")),IF(ISBLANK(V28),IF(AND(O28-TODAY()>=0,O28-TODAY()<=10),"⚠️ 批产结束（还有"&ROUNDUP(O28-TODAY(),0)&"天，重点关注）",IF(O28>=TODAY(),"批产结束（还有"&ROUNDUP(O28-TODAY(),0)&"天）","批产结束（已超期"&ROUNDUP(TODAY()-O28,0)&"天）")),IF(ISBLANK(W28),IF(AND(P28-TODAY()>=0,P28-TODAY()<=10),"⚠️ 上市（还有"&ROUNDUP(P28-TODAY(),0)&"天，重点关注）",IF(P28>=TODAY(),"上市（还有"&ROUNDUP(P28-TODAY(),0)&"天）","上市（已超期"&ROUNDUP(TODAY()-P28,0)&"天）")),"已完成所有阶段"))))))) -> ⚠️ 中试结束（还有4天，重点关注） | AO28: 46327 | AP28: 46692
A29: 41 | B29: 工业消防 | C29: 19902047 | E29: 图像型火灾探测器/热成像火灾探测器（中科永安项目） | F29: VFD/SFH-EI102Ex(12mm) | G29: 1 | H29: - | I29: - | J29: 46021 | K29: 46162 | L29: 46152 | M29: =IF((L29+IF(AJ29="高",45,30))>P29,P29-30,L29+IF(AJ29="高",45,30)) -> 46182 | N29: =P29-IF(AJ29="高",50,30) -> 46173 | O29: =P29 -> 46203 | P29: 46203 | Q29: 46016 | R29: 46148 | S29: 46148 | X29: 46169 | Y29: {=_xlfn.SWITCH(TRUE,ISNUMBER(Q29)*Q29>J29,"逾期完成",ISNUMBER(Q29),"按期完成",J29>TODAY(),"待完成","逾期未完成")} -> 按期完成 | Z29: {=_xlfn.SWITCH(TRUE,ISNUMBER(R29)*R29>K29,"逾期完成",ISNUMBER(R29),"按期完成",K29>TODAY(),"待完成","逾期未完成")} -> 按期完成 | AA29: {=_xlfn.SWITCH(TRUE,ISNUMBER(S29)*S29>L29,"逾期完成",ISNUMBER(S29),"按期完成",L29>TODAY(),"待完成","逾期未完成")} -> 按期完成 | AB29: {=_xlfn.SWITCH(TRUE,ISNUMBER(T29)*T29>M29,"逾期完成",ISNUMBER(T29),"按期完成",M29>TODAY(),"待完成","逾期未完成")} -> 待完成 | AC29: {=_xlfn.SWITCH(TRUE,ISNUMBER(U29)*U29>N29,"逾期完成",ISNUMBER(U29),"按期完成",N29>TODAY(),"待完成","逾期未完成")} -> 逾期未完成 | AD29: {=_xlfn.SWITCH(TRUE,ISNUMBER(V29)*V29>O29,"逾期完成",ISNUMBER(V29),"按期完成",O29>TODAY(),"待完成","逾期未完成")} -> 待完成 | AE29: =IF(ISNUMBER(X29),"已获证","未获证") -> 已获证 | AF29: {=_xlfn.SWITCH(TRUE,ISNUMBER(W29)*W29>P29,"逾期完成",ISNUMBER(W29),"按期完成",P29>TODAY(),"待完成","逾期未完成")} -> 待完成 | AG29: 未完成 | AJ29: 低 | AK29: 靳超 | AL29: 合作 | AM29: =IF(AND(OR(AB29="按期完成",AB29="逾期完成"),OR(AC29<>"待完成",AD29<>"待完成")),"批产,"&IF(OR(AC29="逾期完成",AC29="逾期未完成",AD29="逾期完成",AD29="逾期未完成"),"逾期","按期"),IF(AND(OR(Z29="按期完成",Z29="逾期完成"),OR(AA29<>"待完成",AB29<>"待完成")),"中试,"&IF(OR(AA29="逾期完成",AA29="逾期未完成",AB29="逾期完成",AB29="逾期未完成"),"逾期","按期"),IF(OR(Y29<>"待完成",Z29<>"待完成"),"送检,"&IF(OR(Y29="逾期完成",Y29="逾期未完成",Z29="逾期完成",Z29="逾期未完成"),"逾期","按期"),"未启动,未开始"))) -> 中试,按期 | AN29: =IF(OR(NOT(ISNUMBER(J29)),NOT(ISNUMBER(L29)),NOT(ISNUMBER(M29)),NOT(ISNUMBER(N29)),NOT(ISNUMBER(O29)),NOT(ISNUMBER(P29))),"暂无计划",IF(ISBLANK(Q29),IF(AND(J29-TODAY()>=0,J29-TODAY()<=10),"⚠️ 送检开始（还有"&ROUNDUP(J29-TODAY(),0)&"天，重点关注）",IF(J29>=TODAY(),"送检开始（还有"&ROUNDUP(J29-TODAY(),0)&"天）","送检开始（已超期"&ROUNDUP(TODAY()-J29,0)&"天）")),IF(ISBLANK(S29),IF(AND(L29-TODAY()>=0,L29-TODAY()<=10),"⚠️ 中试开始（还有"&ROUNDUP(L29-TODAY(),0)&"天，重点关注）",IF(L29>=TODAY(),"中试开始（还有"&ROUNDUP(L29-TODAY(),0)&"天）","中试开始（已超期"&ROUNDUP(TODAY()-L29,0)&"天）")),IF(ISBLANK(T29),IF(AND(M29-TODAY()>=0,M29-TODAY()<=10),"⚠️ 中试结束（还有"&ROUNDUP(M29-TODAY(),0)&"天，重点关注）",IF(M29>=TODAY(),"中试结束（还有"&ROUNDUP(M29-TODAY(),0)&"天）","中试结束（已超期"&ROUNDUP(TODAY()-M29,0)&"天）")),IF(ISBLANK(U29),IF(AND(N29-TODAY()>=0,N29-TODAY()<=10),"⚠️ 批产开始（还有"&ROUNDUP(N29-TODAY(),0)&"天，重点关注）",IF(N29>=TODAY(),"批产开始（还有"&ROUNDUP(N29-TODAY(),0)&"天）","批产开始（已超期"&ROUNDUP(TODAY()-N29,0)&"天）")),IF(ISBLANK(V29),IF(AND(O29-TODAY()>=0,O29-TODAY()<=10),"⚠️ 批产结束（还有"&ROUNDUP(O29-TODAY(),0)&"天，重点关注）",IF(O29>=TODAY(),"批产结束（还有"&ROUNDUP(O29-TODAY(),0)&"天）","批产结束（已超期"&ROUNDUP(TODAY()-O29,0)&"天）")),IF(ISBLANK(W29),IF(AND(P29-TODAY()>=0,P29-TODAY()<=10),"⚠️ 上市（还有"&ROUNDUP(P29-TODAY(),0)&"天，重点关注）",IF(P29>=TODAY(),"上市（还有"&ROUNDUP(P29-TODAY(),0)&"天）","上市（已超期"&ROUNDUP(TODAY()-P29,0)&"天）")),"已完成所有阶段"))))))) -> ⚠️ 中试结束（还有4天，重点关注）
A30: 67 | B30: 火灾报警 | C30: 10100810 | E30: 点型感温火灾探测器 | F30: JTW-ZCD-EI8015Ex | G30: 1 | H30: 10100810 | I30: JTW-ZCD-EI8015Ex | J30: 46021 | K30: 46063 | Q30: 46018 | R30: 46081 | S30: 46098 | X30: 46094 | Y30: {=_xlfn.SWITCH(TRUE,ISNUMBER(Q30)*Q30>J30,"逾期完成",ISNUMBER(Q30),"按期完成",J30>TODAY(),"待完成","逾期未完成")} -> 按期完成 | Z30: {=_xlfn.SWITCH(TRUE,ISNUMBER(R30)*R30>K30,"逾期完成",ISNUMBER(R30),"按期完成",K30>TODAY(),"待完成","逾期未完成")} -> 逾期完成 | AA30: {=_xlfn.SWITCH(TRUE,ISNUMBER(S30)*S30>L30,"逾期完成",ISNUMBER(S30),"按期完成",L30>TODAY(),"待完成","逾期未完成")} -> 逾期完成 | AB30: {=_xlfn.SWITCH(TRUE,ISNUMBER(T30)*T30>M30,"逾期完成",ISNUMBER(T30),"按期完成",M30>TODAY(),"待完成","逾期未完成")} -> 逾期未完成 | AC30: {=_xlfn.SWITCH(TRUE,ISNUMBER(U30)*U30>N30,"逾期完成",ISNUMBER(U30),"按期完成",N30>TODAY(),"待完成","逾期未完成")} -> 逾期未完成 | AD30: {=_xlfn.SWITCH(TRUE,ISNUMBER(V30)*V30>O30,"逾期完成",ISNUMBER(V30),"按期完成",O30>TODAY(),"待完成","逾期未完成")} -> 逾期未完成 | AE30: =IF(ISNUMBER(X30),"已获证","未获证") -> 已获证 | AF30: {=_xlfn.SWITCH(TRUE,ISNUMBER(W30)*W30>P30,"逾期完成",ISNUMBER(W30),"按期完成",P30>TODAY(),"待完成","逾期未完成")} -> 逾期未完成 | AG30: 完成 | AH30: 0 | AI30: 证书延续 | AJ30: 低 | AK30: 韩振飞 | AL30: 自研 | AM30: =IF(AND(OR(AB30="按期完成",AB30="逾期完成"),OR(AC30<>"待完成",AD30<>"待完成")),"批产,"&IF(OR(AC30="逾期完成",AC30="逾期未完成",AD30="逾期完成",AD30="逾期未完成"),"逾期","按期"),IF(AND(OR(Z30="按期完成",Z30="逾期完成"),OR(AA30<>"待完成",AB30<>"待完成")),"中试,"&IF(OR(AA30="逾期完成",AA30="逾期未完成",AB30="逾期完成",AB30="逾期未完成"),"逾期","按期"),IF(OR(Y30<>"待完成",Z30<>"待完成"),"送检,"&IF(OR(Y30="逾期完成",Y30="逾期未完成",Z30="逾期完成",Z30="逾期未完成"),"逾期","按期"),"未启动,未开始"))) -> 中试,逾期 | AN30: =IF(OR(NOT(ISNUMBER(J30)),NOT(ISNUMBER(L30)),NOT(ISNUMBER(M30)),NOT(ISNUMBER(N30)),NOT(ISNUMBER(O30)),NOT(ISNUMBER(P30))),"暂无计划",IF(ISBLANK(Q30),IF(AND(J30-TODAY()>=0,J30-TODAY()<=10),"⚠️ 送检开始（还有"&ROUNDUP(J30-TODAY(),0)&"天，重点关注）",IF(J30>=TODAY(),"送检开始（还有"&ROUNDUP(J30-TODAY(),0)&"天）","送检开始（已超期"&ROUNDUP(TODAY()-J30,0)&"天）")),IF(ISBLANK(S30),IF(AND(L30-TODAY()>=0,L30-TODAY()<=10),"⚠️ 中试开始（还有"&ROUNDUP(L30-TODAY(),0)&"天，重点关注）",IF(L30>=TODAY(),"中试开始（还有"&ROUNDUP(L30-TODAY(),0)&"天）","中试开始（已超期"&ROUNDUP(TODAY()-L30,0)&"天）")),IF(ISBLANK(T30),IF(AND(M30-TODAY()>=0,M30-TODAY()<=10),"⚠️ 中试结束（还有"&ROUNDUP(M30-TODAY(),0)&"天，重点关注）",IF(M30>=TODAY(),"中试结束（还有"&ROUNDUP(M30-TODAY(),0)&"天）","中试结束（已超期"&ROUNDUP(TODAY()-M30,0)&"天）")),IF(ISBLANK(U30),IF(AND(N30-TODAY()>=0,N30-TODAY()<=10),"⚠️ 批产开始（还有"&ROUNDUP(N30-TODAY(),0)&"天，重点关注）",IF(N30>=TODAY(),"批产开始（还有"&ROUNDUP(N30-TODAY(),0)&"天）","批产开始（已超期"&ROUNDUP(TODAY()-N30,0)&"天）")),IF(ISBLANK(V30),IF(AND(O30-TODAY()>=0,O30-TODAY()<=10),"⚠️ 批产结束（还有"&ROUNDUP(O30-TODAY(),0)&"天，重点关注）",IF(O30>=TODAY(),"批产结束（还有"&ROUNDUP(O30-TODAY(),0)&"天）","批产结束（已超期"&ROUNDUP(TODAY()-O30,0)&"天）")),IF(ISBLANK(W30),IF(AND(P30-TODAY()>=0,P30-TODAY()<=10),"⚠️ 上市（还有"&ROUNDUP(P30-TODAY(),0)&"天，重点关注）",IF(P30>=TODAY(),"上市（还有"&ROUNDUP(P30-TODAY(),0)&"天）","上市（已超期"&ROUNDUP(TODAY()-P30,0)&"天）")),"已完成所有阶段"))))))) -> 暂无计划 | AO30: 45992 | AP30: 46357
A31: 8 | B31: 火灾报警 | C31: 10101400 | E31: 火灾声光警报器 | F31: J-EI9085IP | G31: 1 | H31: 10100812 | I31: J-EI8085Ex型 | J31: 46032 | K31: 46111 | L31: 46101 | M31: 46162 | N31: =P31-IF(AJ31="高",50,30) -> 46173 | O31: =P31 -> 46203 | P31: 46203 | Q31: 46032 | R31: 46101 | S31: 46051 | T31: 46115 | X31: 46130 | Y31: {=_xlfn.SWITCH(TRUE,ISNUMBER(Q31)*Q31>J31,"逾期完成",ISNUMBER(Q31),"按期完成",J31>TODAY(),"待完成","逾期未完成")} -> 按期完成 | Z31: {=_xlfn.SWITCH(TRUE,ISNUMBER(R31)*R31>K31,"逾期完成",ISNUMBER(R31),"按期完成",K31>TODAY(),"待完成","逾期未完成")} -> 按期完成 | AA31: {=_xlfn.SWITCH(TRUE,ISNUMBER(S31)*S31>L31,"逾期完成",ISNUMBER(S31),"按期完成",L31>TODAY(),"待完成","逾期未完成")} -> 按期完成 | AB31: {=_xlfn.SWITCH(TRUE,ISNUMBER(T31)*T31>M31,"逾期完成",ISNUMBER(T31),"按期完成",M31>TODAY(),"待完成","逾期未完成")} -> 按期完成 | AC31: {=_xlfn.SWITCH(TRUE,ISNUMBER(U31)*U31>N31,"逾期完成",ISNUMBER(U31),"按期完成",N31>TODAY(),"待完成","逾期未完成")} -> 逾期未完成 | AD31: {=_xlfn.SWITCH(TRUE,ISNUMBER(V31)*V31>O31,"逾期完成",ISNUMBER(V31),"按期完成",O31>TODAY(),"待完成","逾期未完成")} -> 待完成 | AE31: =IF(ISNUMBER(X31),"已获证","未获证") -> 已获证 | AF31: {=_xlfn.SWITCH(TRUE,ISNUMBER(W31)*W31>P31,"逾期完成",ISNUMBER(W31),"按期完成",P31>TODAY(),"待完成","逾期未完成")} -> 待完成 | AG31: 未完成 | AI31: 2025/12/12第一次送检失败 | AJ31: 低 | AK31: 纪鹏飞 | AL31: 自研 | AM31: =IF(AND(OR(AB31="按期完成",AB31="逾期完成"),OR(AC31<>"待完成",AD31<>"待完成")),"批产,"&IF(OR(AC31="逾期完成",AC31="逾期未完成",AD31="逾期完成",AD31="逾期未完成"),"逾期","按期"),IF(AND(OR(Z31="按期完成",Z31="逾期完成"),OR(AA31<>"待完成",AB31<>"待完成")),"中试,"&IF(OR(AA31="逾期完成",AA31="逾期未完成",AB31="逾期完成",AB31="逾期未完成"),"逾期","按期"),IF(OR(Y31<>"待完成",Z31<>"待完成"),"送检,"&IF(OR(Y31="逾期完成",Y31="逾期未完成",Z31="逾期完成",Z31="逾期未完成"),"逾期","按期"),"未启动,未开始"))) -> 批产,逾期 | AN31: =IF(OR(NOT(ISNUMBER(J31)),NOT(ISNUMBER(L31)),NOT(ISNUMBER(M31)),NOT(ISNUMBER(N31)),NOT(ISNUMBER(O31)),NOT(ISNUMBER(P31))),"暂无计划",IF(ISBLANK(Q31),IF(AND(J31-TODAY()>=0,J31-TODAY()<=10),"⚠️ 送检开始（还有"&ROUNDUP(J31-TODAY(),0)&"天，重点关注）",IF(J31>=TODAY(),"送检开始（还有"&ROUNDUP(J31-TODAY(),0)&"天）","送检开始（已超期"&ROUNDUP(TODAY()-J31,0)&"天）")),IF(ISBLANK(S31),IF(AND(L31-TODAY()>=0,L31-TODAY()<=10),"⚠️ 中试开始（还有"&ROUNDUP(L31-TODAY(),0)&"天，重点关注）",IF(L31>=TODAY(),"中试开始（还有"&ROUNDUP(L31-TODAY(),0)&"天）","中试开始（已超期"&ROUNDUP(TODAY()-L31,0)&"天）")),IF(ISBLANK(T31),IF(AND(M31-TODAY()>=0,M31-TODAY()<=10),"⚠️ 中试结束（还有"&ROUNDUP(M31-TODAY(),0)&"天，重点关注）",IF(M31>=TODAY(),"中试结束（还有"&ROUNDUP(M31-TODAY(),0)&"天）","中试结束（已超期"&ROUNDUP(TODAY()-M31,0)&"天）")),IF(ISBLANK(U31),IF(AND(N31-TODAY()>=0,N31-TODAY()<=10),"⚠️ 批产开始（还有"&ROUNDUP(N31-TODAY(),0)&"天，重点关注）",IF(N31>=TODAY(),"批产开始（还有"&ROUNDUP(N31-TODAY(),0)&"天）","批产开始（已超期"&ROUNDUP(TODAY()-N31,0)&"天）")),IF(ISBLANK(V31),IF(AND(O31-TODAY()>=0,O31-TODAY()<=10),"⚠️ 批产结束（还有"&ROUNDUP(O31-TODAY(),0)&"天，重点关注）",IF(O31>=TODAY(),"批产结束（还有"&ROUNDUP(O31-TODAY(),0)&"天）","批产结束（已超期"&ROUNDUP(TODAY()-O31,0)&"天）")),IF(ISBLANK(W31),IF(AND(P31-TODAY()>=0,P31-TODAY()<=10),"⚠️ 上市（还有"&ROUNDUP(P31-TODAY(),0)&"天，重点关注）",IF(P31>=TODAY(),"上市（还有"&ROUNDUP(P31-TODAY(),0)&"天）","上市（已超期"&ROUNDUP(TODAY()-P31,0)&"天）")),"已完成所有阶段"))))))) -> 批产开始（已超期5天）
A32: 43 | B32: 火灾报警 | C32: 10102020 | E32: 火灾报警控制器 | F32: JB-QBL-EI9000N | G32: 1 | H32: - | I32: - | J32: 46042 | K32: =(MAX(J32,Q32)+60) -> 46102 | L32: 46127 | M32: =IF((L32+IF(AJ32="高",45,30))>P32,P32-30,L32+IF(AJ32="高",45,30)) -> 46172 | N32: =P32-IF(AJ32="高",50,30) -> 46173 | O32: =P32 -> 46223 | P32: 46223 | Q32: 46032 | R32: 46126 | S32: 46098 | X32: 46155 | Y32: {=_xlfn.SWITCH(TRUE,ISNUMBER(Q32)*Q32>J32,"逾期完成",ISNUMBER(Q32),"按期完成",J32>TODAY(),"待完成","逾期未完成")} -> 按期完成 | Z32: {=_xlfn.SWITCH(TRUE,ISNUMBER(R32)*R32>K32,"逾期完成",ISNUMBER(R32),"按期完成",K32>TODAY(),"待完成","逾期未完成")} -> 逾期完成 | AA32: {=_xlfn.SWITCH(TRUE,ISNUMBER(S32)*S32>L32,"逾期完成",ISNUMBER(S32),"按期完成",L32>TODAY(),"待完成","逾期未完成")} -> 按期完成 | AB32: {=_xlfn.SWITCH(TRUE,ISNUMBER(T32)*T32>M32,"逾期完成",ISNUMBER(T32),"按期完成",M32>TODAY(),"待完成","逾期未完成")} -> 逾期未完成 | AC32: {=_xlfn.SWITCH(TRUE,ISNUMBER(U32)*U32>N32,"逾期完成",ISNUMBER(U32),"按期完成",N32>TODAY(),"待完成","逾期未完成")} -> 逾期未完成 | AD32: {=_xlfn.SWITCH(TRUE,ISNUMBER(V32)*V32>O32,"逾期完成",ISNUMBER(V32),"按期完成",O32>TODAY(),"待完成","逾期未完成")} -> 待完成 | AE32: =IF(ISNUMBER(X32),"已获证","未获证") -> 已获证 | AF32: {=_xlfn.SWITCH(TRUE,ISNUMBER(W32)*W32>P32,"逾期完成",ISNUMBER(W32),"按期完成",P32>TODAY(),"待完成","逾期未完成")} -> 待完成 | AG32: 未完成 | AI32: 王诗豪：中试计划研发延后到4月中旬 | AJ32: 高 | AK32: 王诗豪 | AL32: 自研 | AM32: =IF(AND(OR(AB32="按期完成",AB32="逾期完成"),OR(AC32<>"待完成",AD32<>"待完成")),"批产,"&IF(OR(AC32="逾期完成",AC32="逾期未完成",AD32="逾期完成",AD32="逾期未完成"),"逾期","按期"),IF(AND(OR(Z32="按期完成",Z32="逾期完成"),OR(AA32<>"待完成",AB32<>"待完成")),"中试,"&IF(OR(AA32="逾期完成",AA32="逾期未完成",AB32="逾期完成",AB32="逾期未完成"),"逾期","按期"),IF(OR(Y32<>"待完成",Z32<>"待完成"),"送检,"&IF(OR(Y32="逾期完成",Y32="逾期未完成",Z32="逾期完成",Z32="逾期未完成"),"逾期","按期"),"未启动,未开始"))) -> 中试,逾期 | AN32: =IF(OR(NOT(ISNUMBER(J32)),NOT(ISNUMBER(L32)),NOT(ISNUMBER(M32)),NOT(ISNUMBER(N32)),NOT(ISNUMBER(O32)),NOT(ISNUMBER(P32))),"暂无计划",IF(ISBLANK(Q32),IF(AND(J32-TODAY()>=0,J32-TODAY()<=10),"⚠️ 送检开始（还有"&ROUNDUP(J32-TODAY(),0)&"天，重点关注）",IF(J32>=TODAY(),"送检开始（还有"&ROUNDUP(J32-TODAY(),0)&"天）","送检开始（已超期"&ROUNDUP(TODAY()-J32,0)&"天）")),IF(ISBLANK(S32),IF(AND(L32-TODAY()>=0,L32-TODAY()<=10),"⚠️ 中试开始（还有"&ROUNDUP(L32-TODAY(),0)&"天，重点关注）",IF(L32>=TODAY(),"中试开始（还有"&ROUNDUP(L32-TODAY(),0)&"天）","中试开始（已超期"&ROUNDUP(TODAY()-L32,0)&"天）")),IF(ISBLANK(T32),IF(AND(M32-TODAY()>=0,M32-TODAY()<=10),"⚠️ 中试结束（还有"&ROUNDUP(M32-TODAY(),0)&"天，重点关注）",IF(M32>=TODAY(),"中试结束（还有"&ROUNDUP(M32-TODAY(),0)&"天）","中试结束（已超期"&ROUNDUP(TODAY()-M32,0)&"天）")),IF(ISBLANK(U32),IF(AND(N32-TODAY()>=0,N32-TODAY()<=10),"⚠️ 批产开始（还有"&ROUNDUP(N32-TODAY(),0)&"天，重点关注）",IF(N32>=TODAY(),"批产开始（还有"&ROUNDUP(N32-TODAY(),0)&"天）","批产开始（已超期"&ROUNDUP(TODAY()-N32,0)&"天）")),IF(ISBLANK(V32),IF(AND(O32-TODAY()>=0,O32-TODAY()<=10),"⚠️ 批产结束（还有"&ROUNDUP(O32-TODAY(),0)&"天，重点关注）",IF(O32>=TODAY(),"批产结束（还有"&ROUNDUP(O32-TODAY(),0)&"天）","批产结束（已超期"&ROUNDUP(TODAY()-O32,0)&"天）")),IF(ISBLANK(W32),IF(AND(P32-TODAY()>=0,P32-TODAY()<=10),"⚠️ 上市（还有"&ROUNDUP(P32-TODAY(),0)&"天，重点关注）",IF(P32>=TODAY(),"上市（还有"&ROUNDUP(P32-TODAY(),0)&"天）","上市（已超期"&ROUNDUP(TODAY()-P32,0)&"天）")),"已完成所有阶段"))))))) -> 中试结束（已超期6天） | AO32: 45778 | AP32: 46143
A33: 13 | B33: 气体灭火装置 | E33: 4.2MPa外贮压管网式七氟丙烷灭火装置 | F33: QMQ5.3/90W-EI 120，150，180型号 | G33: 1 | H33: - | I33: - | J33: 46042 | K33: 46142 | L33: 46132 | M33: 46162 | N33: 46162 | O33: =P33 -> 46193 | P33: 46193 | Q33: 46032 | Y33: {=_xlfn.SWITCH(TRUE,ISNUMBER(Q33)*Q33>J33,"逾期完成",ISNUMBER(Q33),"按期完成",J33>TODAY(),"待完成","逾期未完成")} -> 按期完成 | Z33: {=_xlfn.SWITCH(TRUE,ISNUMBER(R33)*R33>K33,"逾期完成",ISNUMBER(R33),"按期完成",K33>TODAY(),"待完成","逾期未完成")} -> 逾期未完成 | AA33: {=_xlfn.SWITCH(TRUE,ISNUMBER(S33)*S33>L33,"逾期完成",ISNUMBER(S33),"按期完成",L33>TODAY(),"待完成","逾期未完成")} -> 逾期未完成 | AB33: {=_xlfn.SWITCH(TRUE,ISNUMBER(T33)*T33>M33,"逾期完成",ISNUMBER(T33),"按期完成",M33>TODAY(),"待完成","逾期未完成")} -> 逾期未完成 | AC33: {=_xlfn.SWITCH(TRUE,ISNUMBER(U33)*U33>N33,"逾期完成",ISNUMBER(U33),"按期完成",N33>TODAY(),"待完成","逾期未完成")} -> 逾期未完成 | AD33: {=_xlfn.SWITCH(TRUE,ISNUMBER(V33)*V33>O33,"逾期完成",ISNUMBER(V33),"按期完成",O33>TODAY(),"待完成","逾期未完成")} -> 待完成 | AE33: =IF(ISNUMBER(X33),"已获证","未获证") -> 未获证 | AF33: {=_xlfn.SWITCH(TRUE,ISNUMBER(W33)*W33>P33,"逾期完成",ISNUMBER(W33),"按期完成",P33>TODAY(),"待完成","逾期未完成")} -> 待完成 | AG33: 未完成 | AH33: 0 | AJ33: 低 | AK33: 赵朕波 | AL33: 合作 | AM33: =IF(AND(OR(AB33="按期完成",AB33="逾期完成"),OR(AC33<>"待完成",AD33<>"待完成")),"批产,"&IF(OR(AC33="逾期完成",AC33="逾期未完成",AD33="逾期完成",AD33="逾期未完成"),"逾期","按期"),IF(AND(OR(Z33="按期完成",Z33="逾期完成"),OR(AA33<>"待完成",AB33<>"待完成")),"中试,"&IF(OR(AA33="逾期完成",AA33="逾期未完成",AB33="逾期完成",AB33="逾期未完成"),"逾期","按期"),IF(OR(Y33<>"待完成",Z33<>"待完成"),"送检,"&IF(OR(Y33="逾期完成",Y33="逾期未完成",Z33="逾期完成",Z33="逾期未完成"),"逾期","按期"),"未启动,未开始"))) -> 送检,逾期 | AN33: =IF(OR(NOT(ISNUMBER(J33)),NOT(ISNUMBER(L33)),NOT(ISNUMBER(M33)),NOT(ISNUMBER(N33)),NOT(ISNUMBER(O33)),NOT(ISNUMBER(P33))),"暂无计划",IF(ISBLANK(Q33),IF(AND(J33-TODAY()>=0,J33-TODAY()<=10),"⚠️ 送检开始（还有"&ROUNDUP(J33-TODAY(),0)&"天，重点关注）",IF(J33>=TODAY(),"送检开始（还有"&ROUNDUP(J33-TODAY(),0)&"天）","送检开始（已超期"&ROUNDUP(TODAY()-J33,0)&"天）")),IF(ISBLANK(S33),IF(AND(L33-TODAY()>=0,L33-TODAY()<=10),"⚠️ 中试开始（还有"&ROUNDUP(L33-TODAY(),0)&"天，重点关注）",IF(L33>=TODAY(),"中试开始（还有"&ROUNDUP(L33-TODAY(),0)&"天）","中试开始（已超期"&ROUNDUP(TODAY()-L33,0)&"天）")),IF(ISBLANK(T33),IF(AND(M33-TODAY()>=0,M33-TODAY()<=10),"⚠️ 中试结束（还有"&ROUNDUP(M33-TODAY(),0)&"天，重点关注）",IF(M33>=TODAY(),"中试结束（还有"&ROUNDUP(M33-TODAY(),0)&"天）","中试结束（已超期"&ROUNDUP(TODAY()-M33,0)&"天）")),IF(ISBLANK(U33),IF(AND(N33-TODAY()>=0,N33-TODAY()<=10),"⚠️ 批产开始（还有"&ROUNDUP(N33-TODAY(),0)&"天，重点关注）",IF(N33>=TODAY(),"批产开始（还有"&ROUNDUP(N33-TODAY(),0)&"天）","批产开始（已超期"&ROUNDUP(TODAY()-N33,0)&"天）")),IF(ISBLANK(V33),IF(AND(O33-TODAY()>=0,O33-TODAY()<=10),"⚠️ 批产结束（还有"&ROUNDUP(O33-TODAY(),0)&"天，重点关注）",IF(O33>=TODAY(),"批产结束（还有"&ROUNDUP(O33-TODAY(),0)&"天）","批产结束（已超期"&ROUNDUP(TODAY()-O33,0)&"天）")),IF(ISBLANK(W33),IF(AND(P33-TODAY()>=0,P33-TODAY()<=10),"⚠️ 上市（还有"&ROUNDUP(P33-TODAY(),0)&"天，重点关注）",IF(P33>=TODAY(),"上市（还有"&ROUNDUP(P33-TODAY(),0)&"天）","上市（已超期"&ROUNDUP(TODAY()-P33,0)&"天）")),"已完成所有阶段"))))))) -> 中试开始（已超期46天） | AO33: 45992 | AP33: 46357
A34: 6 | B34: 火灾报警 | C34: 10101402 | E34: 手动报警按钮（本安型） | F34: J-SAP-EI9021Ex | G34: 1 | H34: 10100813 | I34: J-SAP-EI8021Ex | J34: 46052 | K34: 46142 | L34: 46111 | M34: 46152 | N34: =P34-IF(AJ34="高",50,30) -> 46173 | O34: =P34 -> 46203 | P34: 46203 | Q34: 46046 | R34: 46133 | S34: 46098 | T34: =VLOOKUP(F34,'中试细化（不考核研发）'!B:Q,16,FALSE) -> 46162 | Y34: {=_xlfn.SWITCH(TRUE,ISNUMBER(Q34)*Q34>J34,"逾期完成",ISNUMBER(Q34),"按期完成",J34>TODAY(),"待完成","逾期未完成")} -> 按期完成 | Z34: {=_xlfn.SWITCH(TRUE,ISNUMBER(R34)*R34>K34,"逾期完成",ISNUMBER(R34),"按期完成",K34>TODAY(),"待完成","逾期未完成")} -> 按期完成 | AA34: {=_xlfn.SWITCH(TRUE,ISNUMBER(S34)*S34>L34,"逾期完成",ISNUMBER(S34),"按期完成",L34>TODAY(),"待完成","逾期未完成")} -> 按期完成 | AB34: {=_xlfn.SWITCH(TRUE,ISNUMBER(T34)*T34>M34,"逾期完成",ISNUMBER(T34),"按期完成",M34>TODAY(),"待完成","逾期未完成")} -> 逾期完成 | AC34: {=_xlfn.SWITCH(TRUE,ISNUMBER(U34)*U34>N34,"逾期完成",ISNUMBER(U34),"按期完成",N34>TODAY(),"待完成","逾期未完成")} -> 逾期未完成 | AD34: {=_xlfn.SWITCH(TRUE,ISNUMBER(V34)*V34>O34,"逾期完成",ISNUMBER(V34),"按期完成",O34>TODAY(),"待完成","逾期未完成")} -> 待完成 | AE34: =IF(ISNUMBER(X34),"已获证","未获证") -> 未获证 | AF34: {=_xlfn.SWITCH(TRUE,ISNUMBER(W34)*W34>P34,"逾期完成",ISNUMBER(W34),"按期完成",P34>TODAY(),"待完成","逾期未完成")} -> 待完成 | AG34: 未完成 | AJ34: 低 | AK34: 胡双寒 | AL34: 自研 | AM34: =IF(AND(OR(AB34="按期完成",AB34="逾期完成"),OR(AC34<>"待完成",AD34<>"待完成")),"批产,"&IF(OR(AC34="逾期完成",AC34="逾期未完成",AD34="逾期完成",AD34="逾期未完成"),"逾期","按期"),IF(AND(OR(Z34="按期完成",Z34="逾期完成"),OR(AA34<>"待完成",AB34<>"待完成")),"中试,"&IF(OR(AA34="逾期完成",AA34="逾期未完成",AB34="逾期完成",AB34="逾期未完成"),"逾期","按期"),IF(OR(Y34<>"待完成",Z34<>"待完成"),"送检,"&IF(OR(Y34="逾期完成",Y34="逾期未完成",Z34="逾期完成",Z34="逾期未完成"),"逾期","按期"),"未启动,未开始"))) -> 批产,逾期 | AN34: =IF(OR(NOT(ISNUMBER(J34)),NOT(ISNUMBER(L34)),NOT(ISNUMBER(M34)),NOT(ISNUMBER(N34)),NOT(ISNUMBER(O34)),NOT(ISNUMBER(P34))),"暂无计划",IF(ISBLANK(Q34),IF(AND(J34-TODAY()>=0,J34-TODAY()<=10),"⚠️ 送检开始（还有"&ROUNDUP(J34-TODAY(),0)&"天，重点关注）",IF(J34>=TODAY(),"送检开始（还有"&ROUNDUP(J34-TODAY(),0)&"天）","送检开始（已超期"&ROUNDUP(TODAY()-J34,0)&"天）")),IF(ISBLANK(S34),IF(AND(L34-TODAY()>=0,L34-TODAY()<=10),"⚠️ 中试开始（还有"&ROUNDUP(L34-TODAY(),0)&"天，重点关注）",IF(L34>=TODAY(),"中试开始（还有"&ROUNDUP(L34-TODAY(),0)&"天）","中试开始（已超期"&ROUNDUP(TODAY()-L34,0)&"天）")),IF(ISBLANK(T34),IF(AND(M34-TODAY()>=0,M34-TODAY()<=10),"⚠️ 中试结束（还有"&ROUNDUP(M34-TODAY(),0)&"天，重点关注）",IF(M34>=TODAY(),"中试结束（还有"&ROUNDUP(M34-TODAY(),0)&"天）","中试结束（已超期"&ROUNDUP(TODAY()-M34,0)&"天）")),IF(ISBLANK(U34),IF(AND(N34-TODAY()>=0,N34-TODAY()<=10),"⚠️ 批产开始（还有"&ROUNDUP(N34-TODAY(),0)&"天，重点关注）",IF(N34>=TODAY(),"批产开始（还有"&ROUNDUP(N34-TODAY(),0)&"天）","批产开始（已超期"&ROUNDUP(TODAY()-N34,0)&"天）")),IF(ISBLANK(V34),IF(AND(O34-TODAY()>=0,O34-TODAY()<=10),"⚠️ 批产结束（还有"&ROUNDUP(O34-TODAY(),0)&"天，重点关注）",IF(O34>=TODAY(),"批产结束（还有"&ROUNDUP(O34-TODAY(),0)&"天）","批产结束（已超期"&ROUNDUP(TODAY()-O34,0)&"天）")),IF(ISBLANK(W34),IF(AND(P34-TODAY()>=0,P34-TODAY()<=10),"⚠️ 上市（还有"&ROUNDUP(P34-TODAY(),0)&"天，重点关注）",IF(P34>=TODAY(),"上市（还有"&ROUNDUP(P34-TODAY(),0)&"天）","上市（已超期"&ROUNDUP(TODAY()-P34,0)&"天）")),"已完成所有阶段"))))))) -> 批产开始（已超期5天） | AO34: 45992 | AP34: 46357 | AR34: ⚠️
A35: 7 | B35: 火灾报警 | C35: 10101405 | E35: 消火栓按钮（本安型） | F35: J-SAP-EI9024Ex | G35: 1 | H35: 10100814 | I35: J-SAP-EI8024Ex | J35: 46052 | K35: 46142 | L35: 46111 | M35: 46152 | N35: =P35-IF(AJ35="高",50,30) -> 46173 | O35: =P35 -> 46203 | P35: 46203 | Q35: 46046 | R35: 46111 | S35: 46098 | X35: 2026.5.18 | Y35: {=_xlfn.SWITCH(TRUE,ISNUMBER(Q35)*Q35>J35,"逾期完成",ISNUMBER(Q35),"按期完成",J35>TODAY(),"待完成","逾期未完成")} -> 按期完成 | Z35: {=_xlfn.SWITCH(TRUE,ISNUMBER(R35)*R35>K35,"逾期完成",ISNUMBER(R35),"按期完成",K35>TODAY(),"待完成","逾期未完成")} -> 按期完成 | AA35: {=_xlfn.SWITCH(TRUE,ISNUMBER(S35)*S35>L35,"逾期完成",ISNUMBER(S35),"按期完成",L35>TODAY(),"待完成","逾期未完成")} -> 按期完成 | AB35: {=_xlfn.SWITCH(TRUE,ISNUMBER(T35)*T35>M35,"逾期完成",ISNUMBER(T35),"按期完成",M35>TODAY(),"待完成","逾期未完成")} -> 逾期未完成 | AC35: {=_xlfn.SWITCH(TRUE,ISNUMBER(U35)*U35>N35,"逾期完成",ISNUMBER(U35),"按期完成",N35>TODAY(),"待完成","逾期未完成")} -> 逾期未完成 | AD35: {=_xlfn.SWITCH(TRUE,ISNUMBER(V35)*V35>O35,"逾期完成",ISNUMBER(V35),"按期完成",O35>TODAY(),"待完成","逾期未完成")} -> 待完成 | AE35: =IF(ISNUMBER(X35),"已获证","未获证") -> 未获证 | AF35: {=_xlfn.SWITCH(TRUE,ISNUMBER(W35)*W35>P35,"逾期完成",ISNUMBER(W35),"按期完成",P35>TODAY(),"待完成","逾期未完成")} -> 待完成 | AG35: 完成 | AJ35: 低 | AK35: 胡双寒 | AL35: 自研 | AM35: =IF(AND(OR(AB35="按期完成",AB35="逾期完成"),OR(AC35<>"待完成",AD35<>"待完成")),"批产,"&IF(OR(AC35="逾期完成",AC35="逾期未完成",AD35="逾期完成",AD35="逾期未完成"),"逾期","按期"),IF(AND(OR(Z35="按期完成",Z35="逾期完成"),OR(AA35<>"待完成",AB35<>"待完成")),"中试,"&IF(OR(AA35="逾期完成",AA35="逾期未完成",AB35="逾期完成",AB35="逾期未完成"),"逾期","按期"),IF(OR(Y35<>"待完成",Z35<>"待完成"),"送检,"&IF(OR(Y35="逾期完成",Y35="逾期未完成",Z35="逾期完成",Z35="逾期未完成"),"逾期","按期"),"未启动,未开始"))) -> 中试,逾期 | AN35: =IF(OR(NOT(ISNUMBER(J35)),NOT(ISNUMBER(L35)),NOT(ISNUMBER(M35)),NOT(ISNUMBER(N35)),NOT(ISNUMBER(O35)),NOT(ISNUMBER(P35))),"暂无计划",IF(ISBLANK(Q35),IF(AND(J35-TODAY()>=0,J35-TODAY()<=10),"⚠️ 送检开始（还有"&ROUNDUP(J35-TODAY(),0)&"天，重点关注）",IF(J35>=TODAY(),"送检开始（还有"&ROUNDUP(J35-TODAY(),0)&"天）","送检开始（已超期"&ROUNDUP(TODAY()-J35,0)&"天）")),IF(ISBLANK(S35),IF(AND(L35-TODAY()>=0,L35-TODAY()<=10),"⚠️ 中试开始（还有"&ROUNDUP(L35-TODAY(),0)&"天，重点关注）",IF(L35>=TODAY(),"中试开始（还有"&ROUNDUP(L35-TODAY(),0)&"天）","中试开始（已超期"&ROUNDUP(TODAY()-L35,0)&"天）")),IF(ISBLANK(T35),IF(AND(M35-TODAY()>=0,M35-TODAY()<=10),"⚠️ 中试结束（还有"&ROUNDUP(M35-TODAY(),0)&"天，重点关注）",IF(M35>=TODAY(),"中试结束（还有"&ROUNDUP(M35-TODAY(),0)&"天）","中试结束（已超期"&ROUNDUP(TODAY()-M35,0)&"天）")),IF(ISBLANK(U35),IF(AND(N35-TODAY()>=0,N35-TODAY()<=10),"⚠️ 批产开始（还有"&ROUNDUP(N35-TODAY(),0)&"天，重点关注）",IF(N35>=TODAY(),"批产开始（还有"&ROUNDUP(N35-TODAY(),0)&"天）","批产开始（已超期"&ROUNDUP(TODAY()-N35,0)&"天）")),IF(ISBLANK(V35),IF(AND(O35-TODAY()>=0,O35-TODAY()<=10),"⚠️ 批产结束（还有"&ROUNDUP(O35-TODAY(),0)&"天，重点关注）",IF(O35>=TODAY(),"批产结束（还有"&ROUNDUP(O35-TODAY(),0)&"天）","批产结束（已超期"&ROUNDUP(TODAY()-O35,0)&"天）")),IF(ISBLANK(W35),IF(AND(P35-TODAY()>=0,P35-TODAY()<=10),"⚠️ 上市（还有"&ROUNDUP(P35-TODAY(),0)&"天，重点关注）",IF(P35>=TODAY(),"上市（还有"&ROUNDUP(P35-TODAY(),0)&"天）","上市（已超期"&ROUNDUP(TODAY()-P35,0)&"天）")),"已完成所有阶段"))))))) -> 中试结束（已超期26天）
A36: 65 | B36: 火灾报警 | C36: 10102045 10102046 10102037 10102038 10102039 | E36: NX火灾报警控制器/消防联动控制器 NX火灾报警控制器/气体灭火控制器 NX点型光电感烟火灾探测器 NX点型感温火灾探测器（A2R） NX手动火灾报警按钮 | F36: JB-TGL-M-NX8800Z JB-QB-M-NX8901 JTY-GD-M-NX8831 JTW-BD-M-NX8832 J-SAP-M-NX8841 | G36: 5 | H36: - | I36: - | J36: 46063 | K36: =(MAX(J36,Q36)+60) -> 46123 | L36: =MAX(J36,Q36)+30 -> 46093 | M36: =IF((L36+IF(AJ36="高",45,30))>P36,P36-30,L36+IF(AJ36="高",45,30)) -> 46123 | N36: =P36-IF(AJ36="高",50,30) -> 46142 | O36: =P36 -> 46172 | P36: 46172 | Q36: 46027 | Y36: {=_xlfn.SWITCH(TRUE,ISNUMBER(Q36)*Q36>J36,"逾期完成",ISNUMBER(Q36),"按期完成",J36>TODAY(),"待完成","逾期未完成")} -> 按期完成 | Z36: {=_xlfn.SWITCH(TRUE,ISNUMBER(R36)*R36>K36,"逾期完成",ISNUMBER(R36),"按期完成",K36>TODAY(),"待完成","逾期未完成")} -> 逾期未完成 | AA36: {=_xlfn.SWITCH(TRUE,ISNUMBER(S36)*S36>L36,"逾期完成",ISNUMBER(S36),"按期完成",L36>TODAY(),"待完成","逾期未完成")} -> 逾期未完成 | AB36: {=_xlfn.SWITCH(TRUE,ISNUMBER(T36)*T36>M36,"逾期完成",ISNUMBER(T36),"按期完成",M36>TODAY(),"待完成","逾期未完成")} -> 逾期未完成 | AC36: {=_xlfn.SWITCH(TRUE,ISNUMBER(U36)*U36>N36,"逾期完成",ISNUMBER(U36),"按期完成",N36>TODAY(),"待完成","逾期未完成")} -> 逾期未完成 | AD36: {=_xlfn.SWITCH(TRUE,ISNUMBER(V36)*V36>O36,"逾期完成",ISNUMBER(V36),"按期完成",O36>TODAY(),"待完成","逾期未完成")} -> 逾期未完成 | AE36: =IF(ISNUMBER(X36),"已获证","未获证") -> 未获证 | AF36: {=_xlfn.SWITCH(TRUE,ISNUMBER(W36)*W36>P36,"逾期完成",ISNUMBER(W36),"按期完成",P36>TODAY(),"待完成","逾期未完成")} -> 逾期未完成 | AG36: 未完成 | AH36: 0 | AJ36: 低 | AK36: 吴高红 | AL36: 自研 | AM36: =IF(AND(OR(AB36="按期完成",AB36="逾期完成"),OR(AC36<>"待完成",AD36<>"待完成")),"批产,"&IF(OR(AC36="逾期完成",AC36="逾期未完成",AD36="逾期完成",AD36="逾期未完成"),"逾期","按期"),IF(AND(OR(Z36="按期完成",Z36="逾期完成"),OR(AA36<>"待完成",AB36<>"待完成")),"中试,"&IF(OR(AA36="逾期完成",AA36="逾期未完成",AB36="逾期完成",AB36="逾期未完成"),"逾期","按期"),IF(OR(Y36<>"待完成",Z36<>"待完成"),"送检,"&IF(OR(Y36="逾期完成",Y36="逾期未完成",Z36="逾期完成",Z36="逾期未完成"),"逾期","按期"),"未启动,未开始"))) -> 送检,逾期 | AN36: =IF(OR(NOT(ISNUMBER(J36)),NOT(ISNUMBER(L36)),NOT(ISNUMBER(M36)),NOT(ISNUMBER(N36)),NOT(ISNUMBER(O36)),NOT(ISNUMBER(P36))),"暂无计划",IF(ISBLANK(Q36),IF(AND(J36-TODAY()>=0,J36-TODAY()<=10),"⚠️ 送检开始（还有"&ROUNDUP(J36-TODAY(),0)&"天，重点关注）",IF(J36>=TODAY(),"送检开始（还有"&ROUNDUP(J36-TODAY(),0)&"天）","送检开始（已超期"&ROUNDUP(TODAY()-J36,0)&"天）")),IF(ISBLANK(S36),IF(AND(L36-TODAY()>=0,L36-TODAY()<=10),"⚠️ 中试开始（还有"&ROUNDUP(L36-TODAY(),0)&"天，重点关注）",IF(L36>=TODAY(),"中试开始（还有"&ROUNDUP(L36-TODAY(),0)&"天）","中试开始（已超期"&ROUNDUP(TODAY()-L36,0)&"天）")),IF(ISBLANK(T36),IF(AND(M36-TODAY()>=0,M36-TODAY()<=10),"⚠️ 中试结束（还有"&ROUNDUP(M36-TODAY(),0)&"天，重点关注）",IF(M36>=TODAY(),"中试结束（还有"&ROUNDUP(M36-TODAY(),0)&"天）","中试结束（已超期"&ROUNDUP(TODAY()-M36,0)&"天）")),IF(ISBLANK(U36),IF(AND(N36-TODAY()>=0,N36-TODAY()<=10),"⚠️ 批产开始（还有"&ROUNDUP(N36-TODAY(),0)&"天，重点关注）",IF(N36>=TODAY(),"批产开始（还有"&ROUNDUP(N36-TODAY(),0)&"天）","批产开始（已超期"&ROUNDUP(TODAY()-N36,0)&"天）")),IF(ISBLANK(V36),IF(AND(O36-TODAY()>=0,O36-TODAY()<=10),"⚠️ 批产结束（还有"&ROUNDUP(O36-TODAY(),0)&"天，重点关注）",IF(O36>=TODAY(),"批产结束（还有"&ROUNDUP(O36-TODAY(),0)&"天）","批产结束（已超期"&ROUNDUP(TODAY()-O36,0)&"天）")),IF(ISBLANK(W36),IF(AND(P36-TODAY()>=0,P36-TODAY()<=10),"⚠️ 上市（还有"&ROUNDUP(P36-TODAY(),0)&"天，重点关注）",IF(P36>=TODAY(),"上市（还有"&ROUNDUP(P36-TODAY(),0)&"天）","上市（已超期"&ROUNDUP(TODAY()-P36,0)&"天）")),"已完成所有阶段"))))))) -> 中试开始（已超期85天） | AO36: 参考对应产品
A37: 12 | B37: 智能疏散 | E37: 消防应急疏散标志灯具（防爆） | F37: EI-BZ-ACJ(E1ⅡL/R)-C1-Ex等 | G37: 10 | H37: - | I37: - | J37: 46063 | K37: 46132 | L37: 46101 | M37: 46142 | N37: 46142 | O37: =P37 -> 46172 | P37: 46172 | Q37: 46052 | R37: 46133 | S37: 46101 | T37: 46175 | X37: 46170 | Y37: {=_xlfn.SWITCH(TRUE,ISNUMBER(Q37)*Q37>J37,"逾期完成",ISNUMBER(Q37),"按期完成",J37>TODAY(),"待完成","逾期未完成")} -> 按期完成 | Z37: {=_xlfn.SWITCH(TRUE,ISNUMBER(R37)*R37>K37,"逾期完成",ISNUMBER(R37),"按期完成",K37>TODAY(),"待完成","逾期未完成")} -> 逾期完成 | AA37: {=_xlfn.SWITCH(TRUE,ISNUMBER(S37)*S37>L37,"逾期完成",ISNUMBER(S37),"按期完成",L37>TODAY(),"待完成","逾期未完成")} -> 按期完成 | AB37: {=_xlfn.SWITCH(TRUE,ISNUMBER(T37)*T37>M37,"逾期完成",ISNUMBER(T37),"按期完成",M37>TODAY(),"待完成","逾期未完成")} -> 逾期完成 | AC37: {=_xlfn.SWITCH(TRUE,ISNUMBER(U37)*U37>N37,"逾期完成",ISNUMBER(U37),"按期完成",N37>TODAY(),"待完成","逾期未完成")} -> 逾期未完成 | AD37: {=_xlfn.SWITCH(TRUE,ISNUMBER(V37)*V37>O37,"逾期完成",ISNUMBER(V37),"按期完成",O37>TODAY(),"待完成","逾期未完成")} -> 逾期未完成 | AE37: =IF(ISNUMBER(X37),"已获证","未获证") -> 已获证 | AF37: {=_xlfn.SWITCH(TRUE,ISNUMBER(W37)*W37>P37,"逾期完成",ISNUMBER(W37),"按期完成",P37>TODAY(),"待完成","逾期未完成")} -> 逾期未完成 | AG37: 未完成 | AJ37: 低 | AK37: 杨姜 | AL37: 自研 | AM37: =IF(AND(OR(AB37="按期完成",AB37="逾期完成"),OR(AC37<>"待完成",AD37<>"待完成")),"批产,"&IF(OR(AC37="逾期完成",AC37="逾期未完成",AD37="逾期完成",AD37="逾期未完成"),"逾期","按期"),IF(AND(OR(Z37="按期完成",Z37="逾期完成"),OR(AA37<>"待完成",AB37<>"待完成")),"中试,"&IF(OR(AA37="逾期完成",AA37="逾期未完成",AB37="逾期完成",AB37="逾期未完成"),"逾期","按期"),IF(OR(Y37<>"待完成",Z37<>"待完成"),"送检,"&IF(OR(Y37="逾期完成",Y37="逾期未完成",Z37="逾期完成",Z37="逾期未完成"),"逾期","按期"),"未启动,未开始"))) -> 批产,逾期 | AN37: =IF(OR(NOT(ISNUMBER(J37)),NOT(ISNUMBER(L37)),NOT(ISNUMBER(M37)),NOT(ISNUMBER(N37)),NOT(ISNUMBER(O37)),NOT(ISNUMBER(P37))),"暂无计划",IF(ISBLANK(Q37),IF(AND(J37-TODAY()>=0,J37-TODAY()<=10),"⚠️ 送检开始（还有"&ROUNDUP(J37-TODAY(),0)&"天，重点关注）",IF(J37>=TODAY(),"送检开始（还有"&ROUNDUP(J37-TODAY(),0)&"天）","送检开始（已超期"&ROUNDUP(TODAY()-J37,0)&"天）")),IF(ISBLANK(S37),IF(AND(L37-TODAY()>=0,L37-TODAY()<=10),"⚠️ 中试开始（还有"&ROUNDUP(L37-TODAY(),0)&"天，重点关注）",IF(L37>=TODAY(),"中试开始（还有"&ROUNDUP(L37-TODAY(),0)&"天）","中试开始（已超期"&ROUNDUP(TODAY()-L37,0)&"天）")),IF(ISBLANK(T37),IF(AND(M37-TODAY()>=0,M37-TODAY()<=10),"⚠️ 中试结束（还有"&ROUNDUP(M37-TODAY(),0)&"天，重点关注）",IF(M37>=TODAY(),"中试结束（还有"&ROUNDUP(M37-TODAY(),0)&"天）","中试结束（已超期"&ROUNDUP(TODAY()-M37,0)&"天）")),IF(ISBLANK(U37),IF(AND(N37-TODAY()>=0,N37-TODAY()<=10),"⚠️ 批产开始（还有"&ROUNDUP(N37-TODAY(),0)&"天，重点关注）",IF(N37>=TODAY(),"批产开始（还有"&ROUNDUP(N37-TODAY(),0)&"天）","批产开始（已超期"&ROUNDUP(TODAY()-N37,0)&"天）")),IF(ISBLANK(V37),IF(AND(O37-TODAY()>=0,O37-TODAY()<=10),"⚠️ 批产结束（还有"&ROUNDUP(O37-TODAY(),0)&"天，重点关注）",IF(O37>=TODAY(),"批产结束（还有"&ROUNDUP(O37-TODAY(),0)&"天）","批产结束（已超期"&ROUNDUP(TODAY()-O37,0)&"天）")),IF(ISBLANK(W37),IF(AND(P37-TODAY()>=0,P37-TODAY()<=10),"⚠️ 上市（还有"&ROUNDUP(P37-TODAY(),0)&"天，重点关注）",IF(P37>=TODAY(),"上市（还有"&ROUNDUP(P37-TODAY(),0)&"天）","上市（已超期"&ROUNDUP(TODAY()-P37,0)&"天）")),"已完成所有阶段"))))))) -> 批产开始（已超期36天） | AO37: 45778 | AP37: 46143
A38: 44 | B38: 特种消防 | C38: 10102034 | E38: 地铁FAS系统火灾显示盘 | F38: J-EIN52 | G38: 1 | H38: - | I38: - | J38: 46063 | K38: 46132 | L38: 46101 | M38: 46162 | N38: 46162 | O38: =P38 -> 46203 | P38: 46203 | Q38: 46048 | R38: 45729 | S38: 46100 | X38: 46119 | Y38: {=_xlfn.SWITCH(TRUE,ISNUMBER(Q38)*Q38>J38,"逾期完成",ISNUMBER(Q38),"按期完成",J38>TODAY(),"待完成","逾期未完成")} -> 按期完成 | Z38: {=_xlfn.SWITCH(TRUE,ISNUMBER(R38)*R38>K38,"逾期完成",ISNUMBER(R38),"按期完成",K38>TODAY(),"待完成","逾期未完成")} -> 按期完成 | AA38: {=_xlfn.SWITCH(TRUE,ISNUMBER(S38)*S38>L38,"逾期完成",ISNUMBER(S38),"按期完成",L38>TODAY(),"待完成","逾期未完成")} -> 按期完成 | AB38: {=_xlfn.SWITCH(TRUE,ISNUMBER(T38)*T38>M38,"逾期完成",ISNUMBER(T38),"按期完成",M38>TODAY(),"待完成","逾期未完成")} -> 逾期未完成 | AC38: {=_xlfn.SWITCH(TRUE,ISNUMBER(U38)*U38>N38,"逾期完成",ISNUMBER(U38),"按期完成",N38>TODAY(),"待完成","逾期未完成")} -> 逾期未完成 | AD38: {=_xlfn.SWITCH(TRUE,ISNUMBER(V38)*V38>O38,"逾期完成",ISNUMBER(V38),"按期完成",O38>TODAY(),"待完成","逾期未完成")} -> 待完成 | AE38: =IF(ISNUMBER(X38),"已获证","未获证") -> 已获证 | AF38: {=_xlfn.SWITCH(TRUE,ISNUMBER(W38)*W38>P38,"逾期完成",ISNUMBER(W38),"按期完成",P38>TODAY(),"待完成","逾期未完成")} -> 待完成 | AG38: 未完成 | AJ38: 高 | AK38: 潘荣誉 | AL38: 自研 | AM38: =IF(AND(OR(AB38="按期完成",AB38="逾期完成"),OR(AC38<>"待完成",AD38<>"待完成")),"批产,"&IF(OR(AC38="逾期完成",AC38="逾期未完成",AD38="逾期完成",AD38="逾期未完成"),"逾期","按期"),IF(AND(OR(Z38="按期完成",Z38="逾期完成"),OR(AA38<>"待完成",AB38<>"待完成")),"中试,"&IF(OR(AA38="逾期完成",AA38="逾期未完成",AB38="逾期完成",AB38="逾期未完成"),"逾期","按期"),IF(OR(Y38<>"待完成",Z38<>"待完成"),"送检,"&IF(OR(Y38="逾期完成",Y38="逾期未完成",Z38="逾期完成",Z38="逾期未完成"),"逾期","按期"),"未启动,未开始"))) -> 中试,逾期 | AN38: =IF(OR(NOT(ISNUMBER(J38)),NOT(ISNUMBER(L38)),NOT(ISNUMBER(M38)),NOT(ISNUMBER(N38)),NOT(ISNUMBER(O38)),NOT(ISNUMBER(P38))),"暂无计划",IF(ISBLANK(Q38),IF(AND(J38-TODAY()>=0,J38-TODAY()<=10),"⚠️ 送检开始（还有"&ROUNDUP(J38-TODAY(),0)&"天，重点关注）",IF(J38>=TODAY(),"送检开始（还有"&ROUNDUP(J38-TODAY(),0)&"天）","送检开始（已超期"&ROUNDUP(TODAY()-J38,0)&"天）")),IF(ISBLANK(S38),IF(AND(L38-TODAY()>=0,L38-TODAY()<=10),"⚠️ 中试开始（还有"&ROUNDUP(L38-TODAY(),0)&"天，重点关注）",IF(L38>=TODAY(),"中试开始（还有"&ROUNDUP(L38-TODAY(),0)&"天）","中试开始（已超期"&ROUNDUP(TODAY()-L38,0)&"天）")),IF(ISBLANK(T38),IF(AND(M38-TODAY()>=0,M38-TODAY()<=10),"⚠️ 中试结束（还有"&ROUNDUP(M38-TODAY(),0)&"天，重点关注）",IF(M38>=TODAY(),"中试结束（还有"&ROUNDUP(M38-TODAY(),0)&"天）","中试结束（已超期"&ROUNDUP(TODAY()-M38,0)&"天）")),IF(ISBLANK(U38),IF(AND(N38-TODAY()>=0,N38-TODAY()<=10),"⚠️ 批产开始（还有"&ROUNDUP(N38-TODAY(),0)&"天，重点关注）",IF(N38>=TODAY(),"批产开始（还有"&ROUNDUP(N38-TODAY(),0)&"天）","批产开始（已超期"&ROUNDUP(TODAY()-N38,0)&"天）")),IF(ISBLANK(V38),IF(AND(O38-TODAY()>=0,O38-TODAY()<=10),"⚠️ 批产结束（还有"&ROUNDUP(O38-TODAY(),0)&"天，重点关注）",IF(O38>=TODAY(),"批产结束（还有"&ROUNDUP(O38-TODAY(),0)&"天）","批产结束（已超期"&ROUNDUP(TODAY()-O38,0)&"天）")),IF(ISBLANK(W38),IF(AND(P38-TODAY()>=0,P38-TODAY()<=10),"⚠️ 上市（还有"&ROUNDUP(P38-TODAY(),0)&"天，重点关注）",IF(P38>=TODAY(),"上市（还有"&ROUNDUP(P38-TODAY(),0)&"天）","上市（已超期"&ROUNDUP(TODAY()-P38,0)&"天）")),"已完成所有阶段"))))))) -> 中试结束（已超期16天）
A39: 52 | B39: 智能疏散 | C39: 10401604 | E39: 消防应急疏散照明灯具（防水） | F39: EI-ZM-ACJ(FE)-AD10XF | G39: 1 | H39: - | I39: - | J39: 46063 | K39: 46142 | L39: 46111 | M39: 46172 | N39: 46172 | O39: =P39 -> 46203 | P39: 46203 | Q39: 46062 | R39: 46132 | S39: 46092 | T39: =VLOOKUP(F39,'中试细化（不考核研发）'!B:Q,16,FALSE) -> 46161 | X39: 46161 | Y39: {=_xlfn.SWITCH(TRUE,ISNUMBER(Q39)*Q39>J39,"逾期完成",ISNUMBER(Q39),"按期完成",J39>TODAY(),"待完成","逾期未完成")} -> 按期完成 | Z39: {=_xlfn.SWITCH(TRUE,ISNUMBER(R39)*R39>K39,"逾期完成",ISNUMBER(R39),"按期完成",K39>TODAY(),"待完成","逾期未完成")} -> 按期完成 | AA39: {=_xlfn.SWITCH(TRUE,ISNUMBER(S39)*S39>L39,"逾期完成",ISNUMBER(S39),"按期完成",L39>TODAY(),"待完成","逾期未完成")} -> 按期完成 | AB39: {=_xlfn.SWITCH(TRUE,ISNUMBER(T39)*T39>M39,"逾期完成",ISNUMBER(T39),"按期完成",M39>TODAY(),"待完成","逾期未完成")} -> 按期完成 | AC39: {=_xlfn.SWITCH(TRUE,ISNUMBER(U39)*U39>N39,"逾期完成",ISNUMBER(U39),"按期完成",N39>TODAY(),"待完成","逾期未完成")} -> 逾期未完成 | AD39: {=_xlfn.SWITCH(TRUE,ISNUMBER(V39)*V39>O39,"逾期完成",ISNUMBER(V39),"按期完成",O39>TODAY(),"待完成","逾期未完成")} -> 待完成 | AE39: =IF(ISNUMBER(X39),"已获证","未获证") -> 已获证 | AF39: {=_xlfn.SWITCH(TRUE,ISNUMBER(W39)*W39>P39,"逾期完成",ISNUMBER(W39),"按期完成",P39>TODAY(),"待完成","逾期未完成")} -> 待完成 | AG39: 未完成 | AJ39: 低 | AK39: 王旭东 | AL39: 自研 | AM39: =IF(AND(OR(AB39="按期完成",AB39="逾期完成"),OR(AC39<>"待完成",AD39<>"待完成")),"批产,"&IF(OR(AC39="逾期完成",AC39="逾期未完成",AD39="逾期完成",AD39="逾期未完成"),"逾期","按期"),IF(AND(OR(Z39="按期完成",Z39="逾期完成"),OR(AA39<>"待完成",AB39<>"待完成")),"中试,"&IF(OR(AA39="逾期完成",AA39="逾期未完成",AB39="逾期完成",AB39="逾期未完成"),"逾期","按期"),IF(OR(Y39<>"待完成",Z39<>"待完成"),"送检,"&IF(OR(Y39="逾期完成",Y39="逾期未完成",Z39="逾期完成",Z39="逾期未完成"),"逾期","按期"),"未启动,未开始"))) -> 批产,逾期 | AN39: =IF(OR(NOT(ISNUMBER(J39)),NOT(ISNUMBER(L39)),NOT(ISNUMBER(M39)),NOT(ISNUMBER(N39)),NOT(ISNUMBER(O39)),NOT(ISNUMBER(P39))),"暂无计划",IF(ISBLANK(Q39),IF(AND(J39-TODAY()>=0,J39-TODAY()<=10),"⚠️ 送检开始（还有"&ROUNDUP(J39-TODAY(),0)&"天，重点关注）",IF(J39>=TODAY(),"送检开始（还有"&ROUNDUP(J39-TODAY(),0)&"天）","送检开始（已超期"&ROUNDUP(TODAY()-J39,0)&"天）")),IF(ISBLANK(S39),IF(AND(L39-TODAY()>=0,L39-TODAY()<=10),"⚠️ 中试开始（还有"&ROUNDUP(L39-TODAY(),0)&"天，重点关注）",IF(L39>=TODAY(),"中试开始（还有"&ROUNDUP(L39-TODAY(),0)&"天）","中试开始（已超期"&ROUNDUP(TODAY()-L39,0)&"天）")),IF(ISBLANK(T39),IF(AND(M39-TODAY()>=0,M39-TODAY()<=10),"⚠️ 中试结束（还有"&ROUNDUP(M39-TODAY(),0)&"天，重点关注）",IF(M39>=TODAY(),"中试结束（还有"&ROUNDUP(M39-TODAY(),0)&"天）","中试结束（已超期"&ROUNDUP(TODAY()-M39,0)&"天）")),IF(ISBLANK(U39),IF(AND(N39-TODAY()>=0,N39-TODAY()<=10),"⚠️ 批产开始（还有"&ROUNDUP(N39-TODAY(),0)&"天，重点关注）",IF(N39>=TODAY(),"批产开始（还有"&ROUNDUP(N39-TODAY(),0)&"天）","批产开始（已超期"&ROUNDUP(TODAY()-N39,0)&"天）")),IF(ISBLANK(V39),IF(AND(O39-TODAY()>=0,O39-TODAY()<=10),"⚠️ 批产结束（还有"&ROUNDUP(O39-TODAY(),0)&"天，重点关注）",IF(O39>=TODAY(),"批产结束（还有"&ROUNDUP(O39-TODAY(),0)&"天）","批产结束（已超期"&ROUNDUP(TODAY()-O39,0)&"天）")),IF(ISBLANK(W39),IF(AND(P39-TODAY()>=0,P39-TODAY()<=10),"⚠️ 上市（还有"&ROUNDUP(P39-TODAY(),0)&"天，重点关注）",IF(P39>=TODAY(),"上市（还有"&ROUNDUP(P39-TODAY(),0)&"天）","上市（已超期"&ROUNDUP(TODAY()-P39,0)&"天）")),"已完成所有阶段"))))))) -> 批产开始（已超期6天） | AO39: 45778 | AP39: 46143
A40: 53 | B40: 智能疏散 | C40: 10401603 | E40: 消防应急疏散照明灯具（防水） | F40: EI-ZM-ACJ(FE)-AD10XFL | G40: 1 | H40: - | I40: - | J40: 46063 | K40: 46142 | L40: 46111 | M40: 46172 | N40: 46172 | O40: =P40 -> 46203 | P40: 46203 | Q40: 46062 | R40: 46132 | S40: 46092 | T40: =VLOOKUP(F40,'中试细化（不考核研发）'!B:Q,16,FALSE) -> 46161 | X40: 46161 | Y40: {=_xlfn.SWITCH(TRUE,ISNUMBER(Q40)*Q40>J40,"逾期完成",ISNUMBER(Q40),"按期完成",J40>TODAY(),"待完成","逾期未完成")} -> 按期完成 | Z40: {=_xlfn.SWITCH(TRUE,ISNUMBER(R40)*R40>K40,"逾期完成",ISNUMBER(R40),"按期完成",K40>TODAY(),"待完成","逾期未完成")} -> 按期完成 | AA40: {=_xlfn.SWITCH(TRUE,ISNUMBER(S40)*S40>L40,"逾期完成",ISNUMBER(S40),"按期完成",L40>TODAY(),"待完成","逾期未完成")} -> 按期完成 | AB40: {=_xlfn.SWITCH(TRUE,ISNUMBER(T40)*T40>M40,"逾期完成",ISNUMBER(T40),"按期完成",M40>TODAY(),"待完成","逾期未完成")} -> 按期完成 | AC40: {=_xlfn.SWITCH(TRUE,ISNUMBER(U40)*U40>N40,"逾期完成",ISNUMBER(U40),"按期完成",N40>TODAY(),"待完成","逾期未完成")} -> 逾期未完成 | AD40: {=_xlfn.SWITCH(TRUE,ISNUMBER(V40)*V40>O40,"逾期完成",ISNUMBER(V40),"按期完成",O40>TODAY(),"待完成","逾期未完成")} -> 待完成 | AE40: =IF(ISNUMBER(X40),"已获证","未获证") -> 已获证 | AF40: {=_xlfn.SWITCH(TRUE,ISNUMBER(W40)*W40>P40,"逾期完成",ISNUMBER(W40),"按期完成",P40>TODAY(),"待完成","逾期未完成")} -> 待完成 | AG40: 未完成 | AJ40: 低 | AK40: 王旭东 | AL40: 自研 | AM40: =IF(AND(OR(AB40="按期完成",AB40="逾期完成"),OR(AC40<>"待完成",AD40<>"待完成")),"批产,"&IF(OR(AC40="逾期完成",AC40="逾期未完成",AD40="逾期完成",AD40="逾期未完成"),"逾期","按期"),IF(AND(OR(Z40="按期完成",Z40="逾期完成"),OR(AA40<>"待完成",AB40<>"待完成")),"中试,"&IF(OR(AA40="逾期完成",AA40="逾期未完成",AB40="逾期完成",AB40="逾期未完成"),"逾期","按期"),IF(OR(Y40<>"待完成",Z40<>"待完成"),"送检,"&IF(OR(Y40="逾期完成",Y40="逾期未完成",Z40="逾期完成",Z40="逾期未完成"),"逾期","按期"),"未启动,未开始"))) -> 批产,逾期 | AN40: =IF(OR(NOT(ISNUMBER(J40)),NOT(ISNUMBER(L40)),NOT(ISNUMBER(M40)),NOT(ISNUMBER(N40)),NOT(ISNUMBER(O40)),NOT(ISNUMBER(P40))),"暂无计划",IF(ISBLANK(Q40),IF(AND(J40-TODAY()>=0,J40-TODAY()<=10),"⚠️ 送检开始（还有"&ROUNDUP(J40-TODAY(),0)&"天，重点关注）",IF(J40>=TODAY(),"送检开始（还有"&ROUNDUP(J40-TODAY(),0)&"天）","送检开始（已超期"&ROUNDUP(TODAY()-J40,0)&"天）")),IF(ISBLANK(S40),IF(AND(L40-TODAY()>=0,L40-TODAY()<=10),"⚠️ 中试开始（还有"&ROUNDUP(L40-TODAY(),0)&"天，重点关注）",IF(L40>=TODAY(),"中试开始（还有"&ROUNDUP(L40-TODAY(),0)&"天）","中试开始（已超期"&ROUNDUP(TODAY()-L40,0)&"天）")),IF(ISBLANK(T40),IF(AND(M40-TODAY()>=0,M40-TODAY()<=10),"⚠️ 中试结束（还有"&ROUNDUP(M40-TODAY(),0)&"天，重点关注）",IF(M40>=TODAY(),"中试结束（还有"&ROUNDUP(M40-TODAY(),0)&"天）","中试结束（已超期"&ROUNDUP(TODAY()-M40,0)&"天）")),IF(ISBLANK(U40),IF(AND(N40-TODAY()>=0,N40-TODAY()<=10),"⚠️ 批产开始（还有"&ROUNDUP(N40-TODAY(),0)&"天，重点关注）",IF(N40>=TODAY(),"批产开始（还有"&ROUNDUP(N40-TODAY(),0)&"天）","批产开始（已超期"&ROUNDUP(TODAY()-N40,0)&"天）")),IF(ISBLANK(V40),IF(AND(O40-TODAY()>=0,O40-TODAY()<=10),"⚠️ 批产结束（还有"&ROUNDUP(O40-TODAY(),0)&"天，重点关注）",IF(O40>=TODAY(),"批产结束（还有"&ROUNDUP(O40-TODAY(),0)&"天）","批产结束（已超期"&ROUNDUP(TODAY()-O40,0)&"天）")),IF(ISBLANK(W40),IF(AND(P40-TODAY()>=0,P40-TODAY()<=10),"⚠️ 上市（还有"&ROUNDUP(P40-TODAY(),0)&"天，重点关注）",IF(P40>=TODAY(),"上市（还有"&ROUNDUP(P40-TODAY(),0)&"天）","上市（已超期"&ROUNDUP(TODAY()-P40,0)&"天）")),"已完成所有阶段"))))))) -> 批产开始（已超期6天） | AO40: 45778 | AP40: 46143
A41: 54 | B41: 智能疏散 | E41: 消防应急疏散标志灯具（短款、降本） | F41: EI-BZ-ACJ(E1Ⅰ)-A1 | G41: 10 | H41: - | I41: - | J41: 46063 | K41: 46142 | L41: 46111 | M41: 46142 | N41: 46142 | O41: =P41 -> 46172 | P41: 46172 | Q41: 46062 | R41: 46132 | S41: 46092 | T41: 46168 | X41: 46161 | Y41: {=_xlfn.SWITCH(TRUE,ISNUMBER(Q41)*Q41>J41,"逾期完成",ISNUMBER(Q41),"按期完成",J41>TODAY(),"待完成","逾期未完成")} -> 按期完成 | Z41: {=_xlfn.SWITCH(TRUE,ISNUMBER(R41)*R41>K41,"逾期完成",ISNUMBER(R41),"按期完成",K41>TODAY(),"待完成","逾期未完成")} -> 按期完成 | AA41: {=_xlfn.SWITCH(TRUE,ISNUMBER(S41)*S41>L41,"逾期完成",ISNUMBER(S41),"按期完成",L41>TODAY(),"待完成","逾期未完成")} -> 按期完成 | AB41: {=_xlfn.SWITCH(TRUE,ISNUMBER(T41)*T41>M41,"逾期完成",ISNUMBER(T41),"按期完成",M41>TODAY(),"待完成","逾期未完成")} -> 逾期完成 | AC41: {=_xlfn.SWITCH(TRUE,ISNUMBER(U41)*U41>N41,"逾期完成",ISNUMBER(U41),"按期完成",N41>TODAY(),"待完成","逾期未完成")} -> 逾期未完成 | AD41: {=_xlfn.SWITCH(TRUE,ISNUMBER(V41)*V41>O41,"逾期完成",ISNUMBER(V41),"按期完成",O41>TODAY(),"待完成","逾期未完成")} -> 逾期未完成 | AE41: =IF(ISNUMBER(X41),"已获证","未获证") -> 已获证 | AF41: {=_xlfn.SWITCH(TRUE,ISNUMBER(W41)*W41>P41,"逾期完成",ISNUMBER(W41),"按期完成",P41>TODAY(),"待完成","逾期未完成")} -> 逾期未完成 | AG41: 未完成 | AJ41: 低 | AK41: 杨姜 | AL41: 自研 | AM41: =IF(AND(OR(AB41="按期完成",AB41="逾期完成"),OR(AC41<>"待完成",AD41<>"待完成")),"批产,"&IF(OR(AC41="逾期完成",AC41="逾期未完成",AD41="逾期完成",AD41="逾期未完成"),"逾期","按期"),IF(AND(OR(Z41="按期完成",Z41="逾期完成"),OR(AA41<>"待完成",AB41<>"待完成")),"中试,"&IF(OR(AA41="逾期完成",AA41="逾期未完成",AB41="逾期完成",AB41="逾期未完成"),"逾期","按期"),IF(OR(Y41<>"待完成",Z41<>"待完成"),"送检,"&IF(OR(Y41="逾期完成",Y41="逾期未完成",Z41="逾期完成",Z41="逾期未完成"),"逾期","按期"),"未启动,未开始"))) -> 批产,逾期 | AN41: =IF(OR(NOT(ISNUMBER(J41)),NOT(ISNUMBER(L41)),NOT(ISNUMBER(M41)),NOT(ISNUMBER(N41)),NOT(ISNUMBER(O41)),NOT(ISNUMBER(P41))),"暂无计划",IF(ISBLANK(Q41),IF(AND(J41-TODAY()>=0,J41-TODAY()<=10),"⚠️ 送检开始（还有"&ROUNDUP(J41-TODAY(),0)&"天，重点关注）",IF(J41>=TODAY(),"送检开始（还有"&ROUNDUP(J41-TODAY(),0)&"天）","送检开始（已超期"&ROUNDUP(TODAY()-J41,0)&"天）")),IF(ISBLANK(S41),IF(AND(L41-TODAY()>=0,L41-TODAY()<=10),"⚠️ 中试开始（还有"&ROUNDUP(L41-TODAY(),0)&"天，重点关注）",IF(L41>=TODAY(),"中试开始（还有"&ROUNDUP(L41-TODAY(),0)&"天）","中试开始（已超期"&ROUNDUP(TODAY()-L41,0)&"天）")),IF(ISBLANK(T41),IF(AND(M41-TODAY()>=0,M41-TODAY()<=10),"⚠️ 中试结束（还有"&ROUNDUP(M41-TODAY(),0)&"天，重点关注）",IF(M41>=TODAY(),"中试结束（还有"&ROUNDUP(M41-TODAY(),0)&"天）","中试结束（已超期"&ROUNDUP(TODAY()-M41,0)&"天）")),IF(ISBLANK(U41),IF(AND(N41-TODAY()>=0,N41-TODAY()<=10),"⚠️ 批产开始（还有"&ROUNDUP(N41-TODAY(),0)&"天，重点关注）",IF(N41>=TODAY(),"批产开始（还有"&ROUNDUP(N41-TODAY(),0)&"天）","批产开始（已超期"&ROUNDUP(TODAY()-N41,0)&"天）")),IF(ISBLANK(V41),IF(AND(O41-TODAY()>=0,O41-TODAY()<=10),"⚠️ 批产结束（还有"&ROUNDUP(O41-TODAY(),0)&"天，重点关注）",IF(O41>=TODAY(),"批产结束（还有"&ROUNDUP(O41-TODAY(),0)&"天）","批产结束（已超期"&ROUNDUP(TODAY()-O41,0)&"天）")),IF(ISBLANK(W41),IF(AND(P41-TODAY()>=0,P41-TODAY()<=10),"⚠️ 上市（还有"&ROUNDUP(P41-TODAY(),0)&"天，重点关注）",IF(P41>=TODAY(),"上市（还有"&ROUNDUP(P41-TODAY(),0)&"天）","上市（已超期"&ROUNDUP(TODAY()-P41,0)&"天）")),"已完成所有阶段"))))))) -> 批产开始（已超期36天） | AO41: 45778 | AP41: 46143
A42: 55 | B42: 智能疏散 | E42: 消防应急疏散标志灯具（短款、降本） | F42: EI-BZ-ACJ(E2Ⅰ)-A1 | G42: 8 | H42: - | I42: - | J42: 46063 | K42: 46142 | L42: 46111 | M42: 46142 | N42: 46142 | O42: =P42 -> 46172 | P42: 46172 | Q42: 46062 | R42: 46132 | S42: 46092 | T42: 46168 | X42: 46161 | Y42: {=_xlfn.SWITCH(TRUE,ISNUMBER(Q42)*Q42>J42,"逾期完成",ISNUMBER(Q42),"按期完成",J42>TODAY(),"待完成","逾期未完成")} -> 按期完成 | Z42: {=_xlfn.SWITCH(TRUE,ISNUMBER(R42)*R42>K42,"逾期完成",ISNUMBER(R42),"按期完成",K42>TODAY(),"待完成","逾期未完成")} -> 按期完成 | AA42: {=_xlfn.SWITCH(TRUE,ISNUMBER(S42)*S42>L42,"逾期完成",ISNUMBER(S42),"按期完成",L42>TODAY(),"待完成","逾期未完成")} -> 按期完成 | AB42: {=_xlfn.SWITCH(TRUE,ISNUMBER(T42)*T42>M42,"逾期完成",ISNUMBER(T42),"按期完成",M42>TODAY(),"待完成","逾期未完成")} -> 逾期完成 | AC42: {=_xlfn.SWITCH(TRUE,ISNUMBER(U42)*U42>N42,"逾期完成",ISNUMBER(U42),"按期完成",N42>TODAY(),"待完成","逾期未完成")} -> 逾期未完成 | AD42: {=_xlfn.SWITCH(TRUE,ISNUMBER(V42)*V42>O42,"逾期完成",ISNUMBER(V42),"按期完成",O42>TODAY(),"待完成","逾期未完成")} -> 逾期未完成 | AE42: =IF(ISNUMBER(X42),"已获证","未获证") -> 已获证 | AF42: {=_xlfn.SWITCH(TRUE,ISNUMBER(W42)*W42>P42,"逾期完成",ISNUMBER(W42),"按期完成",P42>TODAY(),"待完成","逾期未完成")} -> 逾期未完成 | AG42: 未完成 | AJ42: 低 | AK42: 杨姜 | AL42: 自研 | AM42: =IF(AND(OR(AB42="按期完成",AB42="逾期完成"),OR(AC42<>"待完成",AD42<>"待完成")),"批产,"&IF(OR(AC42="逾期完成",AC42="逾期未完成",AD42="逾期完成",AD42="逾期未完成"),"逾期","按期"),IF(AND(OR(Z42="按期完成",Z42="逾期完成"),OR(AA42<>"待完成",AB42<>"待完成")),"中试,"&IF(OR(AA42="逾期完成",AA42="逾期未完成",AB42="逾期完成",AB42="逾期未完成"),"逾期","按期"),IF(OR(Y42<>"待完成",Z42<>"待完成"),"送检,"&IF(OR(Y42="逾期完成",Y42="逾期未完成",Z42="逾期完成",Z42="逾期未完成"),"逾期","按期"),"未启动,未开始"))) -> 批产,逾期 | AN42: =IF(OR(NOT(ISNUMBER(J42)),NOT(ISNUMBER(L42)),NOT(ISNUMBER(M42)),NOT(ISNUMBER(N42)),NOT(ISNUMBER(O42)),NOT(ISNUMBER(P42))),"暂无计划",IF(ISBLANK(Q42),IF(AND(J42-TODAY()>=0,J42-TODAY()<=10),"⚠️ 送检开始（还有"&ROUNDUP(J42-TODAY(),0)&"天，重点关注）",IF(J42>=TODAY(),"送检开始（还有"&ROUNDUP(J42-TODAY(),0)&"天）","送检开始（已超期"&ROUNDUP(TODAY()-J42,0)&"天）")),IF(ISBLANK(S42),IF(AND(L42-TODAY()>=0,L42-TODAY()<=10),"⚠️ 中试开始（还有"&ROUNDUP(L42-TODAY(),0)&"天，重点关注）",IF(L42>=TODAY(),"中试开始（还有"&ROUNDUP(L42-TODAY(),0)&"天）","中试开始（已超期"&ROUNDUP(TODAY()-L42,0)&"天）")),IF(ISBLANK(T42),IF(AND(M42-TODAY()>=0,M42-TODAY()<=10),"⚠️ 中试结束（还有"&ROUNDUP(M42-TODAY(),0)&"天，重点关注）",IF(M42>=TODAY(),"中试结束（还有"&ROUNDUP(M42-TODAY(),0)&"天）","中试结束（已超期"&ROUNDUP(TODAY()-M42,0)&"天）")),IF(ISBLANK(U42),IF(AND(N42-TODAY()>=0,N42-TODAY()<=10),"⚠️ 批产开始（还有"&ROUNDUP(N42-TODAY(),0)&"天，重点关注）",IF(N42>=TODAY(),"批产开始（还有"&ROUNDUP(N42-TODAY(),0)&"天）","批产开始（已超期"&ROUNDUP(TODAY()-N42,0)&"天）")),IF(ISBLANK(V42),IF(AND(O42-TODAY()>=0,O42-TODAY()<=10),"⚠️ 批产结束（还有"&ROUNDUP(O42-TODAY(),0)&"天，重点关注）",IF(O42>=TODAY(),"批产结束（还有"&ROUNDUP(O42-TODAY(),0)&"天）","批产结束（已超期"&ROUNDUP(TODAY()-O42,0)&"天）")),IF(ISBLANK(W42),IF(AND(P42-TODAY()>=0,P42-TODAY()<=10),"⚠️ 上市（还有"&ROUNDUP(P42-TODAY(),0)&"天，重点关注）",IF(P42>=TODAY(),"上市（还有"&ROUNDUP(P42-TODAY(),0)&"天）","上市（已超期"&ROUNDUP(TODAY()-P42,0)&"天）")),"已完成所有阶段"))))))) -> 批产开始（已超期36天） | AO42: 45778 | AP42: 46143
A43: 48 | B43: 工业消防 | C43: 10101057 | E43: 手动火灾报警按钮（新标、隔爆） | F43: J-SAB-EI8025Ex | G43: 1 | H43: 10101057 | I43: J-SAB-EI8025Ex | J43: 46063 | K43: 46172 | L43: 46111 | M43: 46172 | N43: 46172 | O43: =P43 -> 46203 | P43: 46203 | Q43: 46062 | R43: 46161 | S43: 46098 | Y43: {=_xlfn.SWITCH(TRUE,ISNUMBER(Q43)*Q43>J43,"逾期完成",ISNUMBER(Q43),"按期完成",J43>TODAY(),"待完成","逾期未完成")} -> 按期完成 | Z43: {=_xlfn.SWITCH(TRUE,ISNUMBER(R43)*R43>K43,"逾期完成",ISNUMBER(R43),"按期完成",K43>TODAY(),"待完成","逾期未完成")} -> 按期完成 | AA43: {=_xlfn.SWITCH(TRUE,ISNUMBER(S43)*S43>L43,"逾期完成",ISNUMBER(S43),"按期完成",L43>TODAY(),"待完成","逾期未完成")} -> 按期完成 | AB43: {=_xlfn.SWITCH(TRUE,ISNUMBER(T43)*T43>M43,"逾期完成",ISNUMBER(T43),"按期完成",M43>TODAY(),"待完成","逾期未完成")} -> 逾期未完成 | AC43: {=_xlfn.SWITCH(TRUE,ISNUMBER(U43)*U43>N43,"逾期完成",ISNUMBER(U43),"按期完成",N43>TODAY(),"待完成","逾期未完成")} -> 逾期未完成 | AD43: {=_xlfn.SWITCH(TRUE,ISNUMBER(V43)*V43>O43,"逾期完成",ISNUMBER(V43),"按期完成",O43>TODAY(),"待完成","逾期未完成")} -> 待完成 | AE43: =IF(ISNUMBER(X43),"已获证","未获证") -> 未获证 | AF43: {=_xlfn.SWITCH(TRUE,ISNUMBER(W43)*W43>P43,"逾期完成",ISNUMBER(W43),"按期完成",P43>TODAY(),"待完成","逾期未完成")} -> 待完成 | AG43: 未完成 | AI43: 按新国标送检，型号不变,壳体满足新国标，要变更已开模 | AJ43: 低 | AK43: 胡双寒 | AL43: 自研 | AM43: =IF(AND(OR(AB43="按期完成",AB43="逾期完成"),OR(AC43<>"待完成",AD43<>"待完成")),"批产,"&IF(OR(AC43="逾期完成",AC43="逾期未完成",AD43="逾期完成",AD43="逾期未完成"),"逾期","按期"),IF(AND(OR(Z43="按期完成",Z43="逾期完成"),OR(AA43<>"待完成",AB43<>"待完成")),"中试,"&IF(OR(AA43="逾期完成",AA43="逾期未完成",AB43="逾期完成",AB43="逾期未完成"),"逾期","按期"),IF(OR(Y43<>"待完成",Z43<>"待完成"),"送检,"&IF(OR(Y43="逾期完成",Y43="逾期未完成",Z43="逾期完成",Z43="逾期未完成"),"逾期","按期"),"未启动,未开始"))) -> 中试,逾期 | AN43: =IF(OR(NOT(ISNUMBER(J43)),NOT(ISNUMBER(L43)),NOT(ISNUMBER(M43)),NOT(ISNUMBER(N43)),NOT(ISNUMBER(O43)),NOT(ISNUMBER(P43))),"暂无计划",IF(ISBLANK(Q43),IF(AND(J43-TODAY()>=0,J43-TODAY()<=10),"⚠️ 送检开始（还有"&ROUNDUP(J43-TODAY(),0)&"天，重点关注）",IF(J43>=TODAY(),"送检开始（还有"&ROUNDUP(J43-TODAY(),0)&"天）","送检开始（已超期"&ROUNDUP(TODAY()-J43,0)&"天）")),IF(ISBLANK(S43),IF(AND(L43-TODAY()>=0,L43-TODAY()<=10),"⚠️ 中试开始（还有"&ROUNDUP(L43-TODAY(),0)&"天，重点关注）",IF(L43>=TODAY(),"中试开始（还有"&ROUNDUP(L43-TODAY(),0)&"天）","中试开始（已超期"&ROUNDUP(TODAY()-L43,0)&"天）")),IF(ISBLANK(T43),IF(AND(M43-TODAY()>=0,M43-TODAY()<=10),"⚠️ 中试结束（还有"&ROUNDUP(M43-TODAY(),0)&"天，重点关注）",IF(M43>=TODAY(),"中试结束（还有"&ROUNDUP(M43-TODAY(),0)&"天）","中试结束（已超期"&ROUNDUP(TODAY()-M43,0)&"天）")),IF(ISBLANK(U43),IF(AND(N43-TODAY()>=0,N43-TODAY()<=10),"⚠️ 批产开始（还有"&ROUNDUP(N43-TODAY(),0)&"天，重点关注）",IF(N43>=TODAY(),"批产开始（还有"&ROUNDUP(N43-TODAY(),0)&"天）","批产开始（已超期"&ROUNDUP(TODAY()-N43,0)&"天）")),IF(ISBLANK(V43),IF(AND(O43-TODAY()>=0,O43-TODAY()<=10),"⚠️ 批产结束（还有"&ROUNDUP(O43-TODAY(),0)&"天，重点关注）",IF(O43>=TODAY(),"批产结束（还有"&ROUNDUP(O43-TODAY(),0)&"天）","批产结束（已超期"&ROUNDUP(TODAY()-O43,0)&"天）")),IF(ISBLANK(W43),IF(AND(P43-TODAY()>=0,P43-TODAY()<=10),"⚠️ 上市（还有"&ROUNDUP(P43-TODAY(),0)&"天，重点关注）",IF(P43>=TODAY(),"上市（还有"&ROUNDUP(P43-TODAY(),0)&"天）","上市（已超期"&ROUNDUP(TODAY()-P43,0)&"天）")),"已完成所有阶段"))))))) -> 中试结束（已超期6天） | AO43: 45992 | AP43: 46357
A44: 47 | B44: 智能疏散 | C44: 10401582 | E44: 应急照明集中电源（新标） | F44: EI-D-AC(0.6kVA)-T1Q01 | G44: 1 | H44: - | I44: - | J44: 46073 | K44: 46122 | L44: 46091 | M44: 46132 | N44: 46133 | O44: =P44 -> 46163 | P44: 46163 | Q44: 46062 | R44: 46127 | S44: 46098 | T44: 46136 | X44: 46146 | Y44: {=_xlfn.SWITCH(TRUE,ISNUMBER(Q44)*Q44>J44,"逾期完成",ISNUMBER(Q44),"按期完成",J44>TODAY(),"待完成","逾期未完成")} -> 按期完成 | Z44: {=_xlfn.SWITCH(TRUE,ISNUMBER(R44)*R44>K44,"逾期完成",ISNUMBER(R44),"按期完成",K44>TODAY(),"待完成","逾期未完成")} -> 逾期完成 | AA44: {=_xlfn.SWITCH(TRUE,ISNUMBER(S44)*S44>L44,"逾期完成",ISNUMBER(S44),"按期完成",L44>TODAY(),"待完成","逾期未完成")} -> 逾期完成 | AB44: {=_xlfn.SWITCH(TRUE,ISNUMBER(T44)*T44>M44,"逾期完成",ISNUMBER(T44),"按期完成",M44>TODAY(),"待完成","逾期未完成")} -> 逾期完成 | AC44: {=_xlfn.SWITCH(TRUE,ISNUMBER(U44)*U44>N44,"逾期完成",ISNUMBER(U44),"按期完成",N44>TODAY(),"待完成","逾期未完成")} -> 逾期未完成 | AD44: {=_xlfn.SWITCH(TRUE,ISNUMBER(V44)*V44>O44,"逾期完成",ISNUMBER(V44),"按期完成",O44>TODAY(),"待完成","逾期未完成")} -> 逾期未完成 | AE44: =IF(ISNUMBER(X44),"已获证","未获证") -> 已获证 | AF44: {=_xlfn.SWITCH(TRUE,ISNUMBER(W44)*W44>P44,"逾期完成",ISNUMBER(W44),"按期完成",P44>TODAY(),"待完成","逾期未完成")} -> 逾期未完成 | AG44: 完成 | AJ44: 低 | AK44: 郑光廷 | AL44: 自研 | AM44: =IF(AND(OR(AB44="按期完成",AB44="逾期完成"),OR(AC44<>"待完成",AD44<>"待完成")),"批产,"&IF(OR(AC44="逾期完成",AC44="逾期未完成",AD44="逾期完成",AD44="逾期未完成"),"逾期","按期"),IF(AND(OR(Z44="按期完成",Z44="逾期完成"),OR(AA44<>"待完成",AB44<>"待完成")),"中试,"&IF(OR(AA44="逾期完成",AA44="逾期未完成",AB44="逾期完成",AB44="逾期未完成"),"逾期","按期"),IF(OR(Y44<>"待完成",Z44<>"待完成"),"送检,"&IF(OR(Y44="逾期完成",Y44="逾期未完成",Z44="逾期完成",Z44="逾期未完成"),"逾期","按期"),"未启动,未开始"))) -> 批产,逾期 | AN44: =IF(OR(NOT(ISNUMBER(J44)),NOT(ISNUMBER(L44)),NOT(ISNUMBER(M44)),NOT(ISNUMBER(N44)),NOT(ISNUMBER(O44)),NOT(ISNUMBER(P44))),"暂无计划",IF(ISBLANK(Q44),IF(AND(J44-TODAY()>=0,J44-TODAY()<=10),"⚠️ 送检开始（还有"&ROUNDUP(J44-TODAY(),0)&"天，重点关注）",IF(J44>=TODAY(),"送检开始（还有"&ROUNDUP(J44-TODAY(),0)&"天）","送检开始（已超期"&ROUNDUP(TODAY()-J44,0)&"天）")),IF(ISBLANK(S44),IF(AND(L44-TODAY()>=0,L44-TODAY()<=10),"⚠️ 中试开始（还有"&ROUNDUP(L44-TODAY(),0)&"天，重点关注）",IF(L44>=TODAY(),"中试开始（还有"&ROUNDUP(L44-TODAY(),0)&"天）","中试开始（已超期"&ROUNDUP(TODAY()-L44,0)&"天）")),IF(ISBLANK(T44),IF(AND(M44-TODAY()>=0,M44-TODAY()<=10),"⚠️ 中试结束（还有"&ROUNDUP(M44-TODAY(),0)&"天，重点关注）",IF(M44>=TODAY(),"中试结束（还有"&ROUNDUP(M44-TODAY(),0)&"天）","中试结束（已超期"&ROUNDUP(TODAY()-M44,0)&"天）")),IF(ISBLANK(U44),IF(AND(N44-TODAY()>=0,N44-TODAY()<=10),"⚠️ 批产开始（还有"&ROUNDUP(N44-TODAY(),0)&"天，重点关注）",IF(N44>=TODAY(),"批产开始（还有"&ROUNDUP(N44-TODAY(),0)&"天）","批产开始（已超期"&ROUNDUP(TODAY()-N44,0)&"天）")),IF(ISBLANK(V44),IF(AND(O44-TODAY()>=0,O44-TODAY()<=10),"⚠️ 批产结束（还有"&ROUNDUP(O44-TODAY(),0)&"天，重点关注）",IF(O44>=TODAY(),"批产结束（还有"&ROUNDUP(O44-TODAY(),0)&"天）","批产结束（已超期"&ROUNDUP(TODAY()-O44,0)&"天）")),IF(ISBLANK(W44),IF(AND(P44-TODAY()>=0,P44-TODAY()<=10),"⚠️ 上市（还有"&ROUNDUP(P44-TODAY(),0)&"天，重点关注）",IF(P44>=TODAY(),"上市（还有"&ROUNDUP(P44-TODAY(),0)&"天）","上市（已超期"&ROUNDUP(TODAY()-P44,0)&"天）")),"已完成所有阶段"))))))) -> 批产开始（已超期45天） | AO44: 45778 | AP44: 46143
A45: 5 | B45: 火灾报警 | E45: 无线感烟火灾探测器（9014w有3C认证） | F45: JTY-GD-EI9014W（有3c认证） | G45: 1 | H45: 10101009 | I45: JTY-GD-EI8010W | J45: 46091 | K45: 46223 | L45: 46183 | M45: 46233 | N45: 46244 | O45: 46254 | P45: 46254 | Q45: 46111 | S45: 46125 | Y45: {=_xlfn.SWITCH(TRUE,ISNUMBER(Q45)*Q45>J45,"逾期完成",ISNUMBER(Q45),"按期完成",J45>TODAY(),"待完成","逾期未完成")} -> 逾期完成 | Z45: {=_xlfn.SWITCH(TRUE,ISNUMBER(R45)*R45>K45,"逾期完成",ISNUMBER(R45),"按期完成",K45>TODAY(),"待完成","逾期未完成")} -> 待完成 | AA45: {=_xlfn.SWITCH(TRUE,ISNUMBER(S45)*S45>L45,"逾期完成",ISNUMBER(S45),"按期完成",L45>TODAY(),"待完成","逾期未完成")} -> 按期完成 | AB45: {=_xlfn.SWITCH(TRUE,ISNUMBER(T45)*T45>M45,"逾期完成",ISNUMBER(T45),"按期完成",M45>TODAY(),"待完成","逾期未完成")} -> 待完成 | AC45: {=_xlfn.SWITCH(TRUE,ISNUMBER(U45)*U45>N45,"逾期完成",ISNUMBER(U45),"按期完成",N45>TODAY(),"待完成","逾期未完成")} -> 待完成 | AD45: {=_xlfn.SWITCH(TRUE,ISNUMBER(V45)*V45>O45,"逾期完成",ISNUMBER(V45),"按期完成",O45>TODAY(),"待完成","逾期未完成")} -> 待完成 | AE45: =IF(ISNUMBER(X45),"已获证","未获证") -> 未获证 | AF45: {=_xlfn.SWITCH(TRUE,ISNUMBER(W45)*W45>P45,"逾期完成",ISNUMBER(W45),"按期完成",P45>TODAY(),"待完成","逾期未完成")} -> 待完成 | AG45: 未完成 | AI45: 5月13日，计划变更1次 | AJ45: 高 | AK45: 葛士辉 | AL45: 自研 | AM45: =IF(AND(OR(AB45="按期完成",AB45="逾期完成"),OR(AC45<>"待完成",AD45<>"待完成")),"批产,"&IF(OR(AC45="逾期完成",AC45="逾期未完成",AD45="逾期完成",AD45="逾期未完成"),"逾期","按期"),IF(AND(OR(Z45="按期完成",Z45="逾期完成"),OR(AA45<>"待完成",AB45<>"待完成")),"中试,"&IF(OR(AA45="逾期完成",AA45="逾期未完成",AB45="逾期完成",AB45="逾期未完成"),"逾期","按期"),IF(OR(Y45<>"待完成",Z45<>"待完成"),"送检,"&IF(OR(Y45="逾期完成",Y45="逾期未完成",Z45="逾期完成",Z45="逾期未完成"),"逾期","按期"),"未启动,未开始"))) -> 送检,逾期 | AN45: =IF(OR(NOT(ISNUMBER(J45)),NOT(ISNUMBER(L45)),NOT(ISNUMBER(M45)),NOT(ISNUMBER(N45)),NOT(ISNUMBER(O45)),NOT(ISNUMBER(P45))),"暂无计划",IF(ISBLANK(Q45),IF(AND(J45-TODAY()>=0,J45-TODAY()<=10),"⚠️ 送检开始（还有"&ROUNDUP(J45-TODAY(),0)&"天，重点关注）",IF(J45>=TODAY(),"送检开始（还有"&ROUNDUP(J45-TODAY(),0)&"天）","送检开始（已超期"&ROUNDUP(TODAY()-J45,0)&"天）")),IF(ISBLANK(S45),IF(AND(L45-TODAY()>=0,L45-TODAY()<=10),"⚠️ 中试开始（还有"&ROUNDUP(L45-TODAY(),0)&"天，重点关注）",IF(L45>=TODAY(),"中试开始（还有"&ROUNDUP(L45-TODAY(),0)&"天）","中试开始（已超期"&ROUNDUP(TODAY()-L45,0)&"天）")),IF(ISBLANK(T45),IF(AND(M45-TODAY()>=0,M45-TODAY()<=10),"⚠️ 中试结束（还有"&ROUNDUP(M45-TODAY(),0)&"天，重点关注）",IF(M45>=TODAY(),"中试结束（还有"&ROUNDUP(M45-TODAY(),0)&"天）","中试结束（已超期"&ROUNDUP(TODAY()-M45,0)&"天）")),IF(ISBLANK(U45),IF(AND(N45-TODAY()>=0,N45-TODAY()<=10),"⚠️ 批产开始（还有"&ROUNDUP(N45-TODAY(),0)&"天，重点关注）",IF(N45>=TODAY(),"批产开始（还有"&ROUNDUP(N45-TODAY(),0)&"天）","批产开始（已超期"&ROUNDUP(TODAY()-N45,0)&"天）")),IF(ISBLANK(V45),IF(AND(O45-TODAY()>=0,O45-TODAY()<=10),"⚠️ 批产结束（还有"&ROUNDUP(O45-TODAY(),0)&"天，重点关注）",IF(O45>=TODAY(),"批产结束（还有"&ROUNDUP(O45-TODAY(),0)&"天）","批产结束（已超期"&ROUNDUP(TODAY()-O45,0)&"天）")),IF(ISBLANK(W45),IF(AND(P45-TODAY()>=0,P45-TODAY()<=10),"⚠️ 上市（还有"&ROUNDUP(P45-TODAY(),0)&"天，重点关注）",IF(P45>=TODAY(),"上市（还有"&ROUNDUP(P45-TODAY(),0)&"天）","上市（已超期"&ROUNDUP(TODAY()-P45,0)&"天）")),"已完成所有阶段"))))))) -> 中试结束（还有55天） | AO45: 45778 | AP45: 46143
A46: 59 | B46: 火灾报警 | E46: BEAM DETECTOR线型光束感烟火灾探测器（LPCB项目） | F46: EI-N9019 | G46: 1 | H46: - | I46: - | J46: 46101 | K46: =(MAX(J46,Q46)+60) -> 46161 | L46: =MAX(J46,Q46)+30 -> 46131 | M46: =IF((L46+IF(AJ46="高",45,30))>P46,P46-30,L46+IF(AJ46="高",45,30)) -> 46176 | N46: =P46-IF(AJ46="高",50,30) -> 46214 | O46: =P46 -> 46264 | P46: 46264 | Q46: 46084 | Y46: {=_xlfn.SWITCH(TRUE,ISNUMBER(Q46)*Q46>J46,"逾期完成",ISNUMBER(Q46),"按期完成",J46>TODAY(),"待完成","逾期未完成")} -> 按期完成 | Z46: {=_xlfn.SWITCH(TRUE,ISNUMBER(R46)*R46>K46,"逾期完成",ISNUMBER(R46),"按期完成",K46>TODAY(),"待完成","逾期未完成")} -> 逾期未完成 | AA46: {=_xlfn.SWITCH(TRUE,ISNUMBER(S46)*S46>L46,"逾期完成",ISNUMBER(S46),"按期完成",L46>TODAY(),"待完成","逾期未完成")} -> 逾期未完成 | AB46: {=_xlfn.SWITCH(TRUE,ISNUMBER(T46)*T46>M46,"逾期完成",ISNUMBER(T46),"按期完成",M46>TODAY(),"待完成","逾期未完成")} -> 逾期未完成 | AC46: {=_xlfn.SWITCH(TRUE,ISNUMBER(U46)*U46>N46,"逾期完成",ISNUMBER(U46),"按期完成",N46>TODAY(),"待完成","逾期未完成")} -> 待完成 | AD46: {=_xlfn.SWITCH(TRUE,ISNUMBER(V46)*V46>O46,"逾期完成",ISNUMBER(V46),"按期完成",O46>TODAY(),"待完成","逾期未完成")} -> 待完成 | AE46: =IF(ISNUMBER(X46),"已获证","未获证") -> 未获证 | AF46: {=_xlfn.SWITCH(TRUE,ISNUMBER(W46)*W46>P46,"逾期完成",ISNUMBER(W46),"按期完成",P46>TODAY(),"待完成","逾期未完成")} -> 待完成 | AG46: 未完成 | AJ46: 高 | AK46: 韩振飞 | AL46: 自研 | AM46: =IF(AND(OR(AB46="按期完成",AB46="逾期完成"),OR(AC46<>"待完成",AD46<>"待完成")),"批产,"&IF(OR(AC46="逾期完成",AC46="逾期未完成",AD46="逾期完成",AD46="逾期未完成"),"逾期","按期"),IF(AND(OR(Z46="按期完成",Z46="逾期完成"),OR(AA46<>"待完成",AB46<>"待完成")),"中试,"&IF(OR(AA46="逾期完成",AA46="逾期未完成",AB46="逾期完成",AB46="逾期未完成"),"逾期","按期"),IF(OR(Y46<>"待完成",Z46<>"待完成"),"送检,"&IF(OR(Y46="逾期完成",Y46="逾期未完成",Z46="逾期完成",Z46="逾期未完成"),"逾期","按期"),"未启动,未开始"))) -> 送检,逾期 | AN46: =IF(OR(NOT(ISNUMBER(J46)),NOT(ISNUMBER(L46)),NOT(ISNUMBER(M46)),NOT(ISNUMBER(N46)),NOT(ISNUMBER(O46)),NOT(ISNUMBER(P46))),"暂无计划",IF(ISBLANK(Q46),IF(AND(J46-TODAY()>=0,J46-TODAY()<=10),"⚠️ 送检开始（还有"&ROUNDUP(J46-TODAY(),0)&"天，重点关注）",IF(J46>=TODAY(),"送检开始（还有"&ROUNDUP(J46-TODAY(),0)&"天）","送检开始（已超期"&ROUNDUP(TODAY()-J46,0)&"天）")),IF(ISBLANK(S46),IF(AND(L46-TODAY()>=0,L46-TODAY()<=10),"⚠️ 中试开始（还有"&ROUNDUP(L46-TODAY(),0)&"天，重点关注）",IF(L46>=TODAY(),"中试开始（还有"&ROUNDUP(L46-TODAY(),0)&"天）","中试开始（已超期"&ROUNDUP(TODAY()-L46,0)&"天）")),IF(ISBLANK(T46),IF(AND(M46-TODAY()>=0,M46-TODAY()<=10),"⚠️ 中试结束（还有"&ROUNDUP(M46-TODAY(),0)&"天，重点关注）",IF(M46>=TODAY(),"中试结束（还有"&ROUNDUP(M46-TODAY(),0)&"天）","中试结束（已超期"&ROUNDUP(TODAY()-M46,0)&"天）")),IF(ISBLANK(U46),IF(AND(N46-TODAY()>=0,N46-TODAY()<=10),"⚠️ 批产开始（还有"&ROUNDUP(N46-TODAY(),0)&"天，重点关注）",IF(N46>=TODAY(),"批产开始（还有"&ROUNDUP(N46-TODAY(),0)&"天）","批产开始（已超期"&ROUNDUP(TODAY()-N46,0)&"天）")),IF(ISBLANK(V46),IF(AND(O46-TODAY()>=0,O46-TODAY()<=10),"⚠️ 批产结束（还有"&ROUNDUP(O46-TODAY(),0)&"天，重点关注）",IF(O46>=TODAY(),"批产结束（还有"&ROUNDUP(O46-TODAY(),0)&"天）","批产结束（已超期"&ROUNDUP(TODAY()-O46,0)&"天）")),IF(ISBLANK(W46),IF(AND(P46-TODAY()>=0,P46-TODAY()<=10),"⚠️ 上市（还有"&ROUNDUP(P46-TODAY(),0)&"天，重点关注）",IF(P46>=TODAY(),"上市（还有"&ROUNDUP(P46-TODAY(),0)&"天）","上市（已超期"&ROUNDUP(TODAY()-P46,0)&"天）")),"已完成所有阶段"))))))) -> 中试开始（已超期47天）
A47: 24 | B47: 火灾报警 | C47: 10102041 | E47: 输入/输出模块 | F47: J-EI9062 | G47: 1 | H47: 10100855 | I47: J-EI6062D | J47: 46101 | K47: 46162 | L47: 46132 | M47: 46162 | N47: 46162 | O47: =P47 -> 46203 | P47: 46203 | Q47: 46111 | S47: 46132 | Y47: {=_xlfn.SWITCH(TRUE,ISNUMBER(Q47)*Q47>J47,"逾期完成",ISNUMBER(Q47),"按期完成",J47>TODAY(),"待完成","逾期未完成")} -> 逾期完成 | Z47: {=_xlfn.SWITCH(TRUE,ISNUMBER(R47)*R47>K47,"逾期完成",ISNUMBER(R47),"按期完成",K47>TODAY(),"待完成","逾期未完成")} -> 逾期未完成 | AA47: {=_xlfn.SWITCH(TRUE,ISNUMBER(S47)*S47>L47,"逾期完成",ISNUMBER(S47),"按期完成",L47>TODAY(),"待完成","逾期未完成")} -> 按期完成 | AB47: {=_xlfn.SWITCH(TRUE,ISNUMBER(T47)*T47>M47,"逾期完成",ISNUMBER(T47),"按期完成",M47>TODAY(),"待完成","逾期未完成")} -> 逾期未完成 | AC47: {=_xlfn.SWITCH(TRUE,ISNUMBER(U47)*U47>N47,"逾期完成",ISNUMBER(U47),"按期完成",N47>TODAY(),"待完成","逾期未完成")} -> 逾期未完成 | AD47: {=_xlfn.SWITCH(TRUE,ISNUMBER(V47)*V47>O47,"逾期完成",ISNUMBER(V47),"按期完成",O47>TODAY(),"待完成","逾期未完成")} -> 待完成 | AE47: =IF(ISNUMBER(X47),"已获证","未获证") -> 未获证 | AF47: {=_xlfn.SWITCH(TRUE,ISNUMBER(W47)*W47>P47,"逾期完成",ISNUMBER(W47),"按期完成",P47>TODAY(),"待完成","逾期未完成")} -> 待完成 | AG47: 未完成 | AJ47: 低 | AK47: 潘荣誉 | AL47: 自研 | AM47: =IF(AND(OR(AB47="按期完成",AB47="逾期完成"),OR(AC47<>"待完成",AD47<>"待完成")),"批产,"&IF(OR(AC47="逾期完成",AC47="逾期未完成",AD47="逾期完成",AD47="逾期未完成"),"逾期","按期"),IF(AND(OR(Z47="按期完成",Z47="逾期完成"),OR(AA47<>"待完成",AB47<>"待完成")),"中试,"&IF(OR(AA47="逾期完成",AA47="逾期未完成",AB47="逾期完成",AB47="逾期未完成"),"逾期","按期"),IF(OR(Y47<>"待完成",Z47<>"待完成"),"送检,"&IF(OR(Y47="逾期完成",Y47="逾期未完成",Z47="逾期完成",Z47="逾期未完成"),"逾期","按期"),"未启动,未开始"))) -> 送检,逾期 | AN47: =IF(OR(NOT(ISNUMBER(J47)),NOT(ISNUMBER(L47)),NOT(ISNUMBER(M47)),NOT(ISNUMBER(N47)),NOT(ISNUMBER(O47)),NOT(ISNUMBER(P47))),"暂无计划",IF(ISBLANK(Q47),IF(AND(J47-TODAY()>=0,J47-TODAY()<=10),"⚠️ 送检开始（还有"&ROUNDUP(J47-TODAY(),0)&"天，重点关注）",IF(J47>=TODAY(),"送检开始（还有"&ROUNDUP(J47-TODAY(),0)&"天）","送检开始（已超期"&ROUNDUP(TODAY()-J47,0)&"天）")),IF(ISBLANK(S47),IF(AND(L47-TODAY()>=0,L47-TODAY()<=10),"⚠️ 中试开始（还有"&ROUNDUP(L47-TODAY(),0)&"天，重点关注）",IF(L47>=TODAY(),"中试开始（还有"&ROUNDUP(L47-TODAY(),0)&"天）","中试开始（已超期"&ROUNDUP(TODAY()-L47,0)&"天）")),IF(ISBLANK(T47),IF(AND(M47-TODAY()>=0,M47-TODAY()<=10),"⚠️ 中试结束（还有"&ROUNDUP(M47-TODAY(),0)&"天，重点关注）",IF(M47>=TODAY(),"中试结束（还有"&ROUNDUP(M47-TODAY(),0)&"天）","中试结束（已超期"&ROUNDUP(TODAY()-M47,0)&"天）")),IF(ISBLANK(U47),IF(AND(N47-TODAY()>=0,N47-TODAY()<=10),"⚠️ 批产开始（还有"&ROUNDUP(N47-TODAY(),0)&"天，重点关注）",IF(N47>=TODAY(),"批产开始（还有"&ROUNDUP(N47-TODAY(),0)&"天）","批产开始（已超期"&ROUNDUP(TODAY()-N47,0)&"天）")),IF(ISBLANK(V47),IF(AND(O47-TODAY()>=0,O47-TODAY()<=10),"⚠️ 批产结束（还有"&ROUNDUP(O47-TODAY(),0)&"天，重点关注）",IF(O47>=TODAY(),"批产结束（还有"&ROUNDUP(O47-TODAY(),0)&"天）","批产结束（已超期"&ROUNDUP(TODAY()-O47,0)&"天）")),IF(ISBLANK(W47),IF(AND(P47-TODAY()>=0,P47-TODAY()<=10),"⚠️ 上市（还有"&ROUNDUP(P47-TODAY(),0)&"天，重点关注）",IF(P47>=TODAY(),"上市（还有"&ROUNDUP(P47-TODAY(),0)&"天）","上市（已超期"&ROUNDUP(TODAY()-P47,0)&"天）")),"已完成所有阶段"))))))) -> 中试结束（已超期16天）
A48: 10 | B48: 智能疏散 | C48: 10401581 | E48: 应急照明控制器（新标） | F48: EI-C-Q-A02 | G48: 1 | H48: 10401068 | I48: EI-C-8602L | J48: 46111 | K48: 46143 | L48: 46101 | M48: 46132 | N48: 46101 | O48: =P48 -> 46143 | P48: 46143 | Q48: 46062 | R48: 46163 | S48: 46105 | T48: =VLOOKUP(F48,'中试细化（不考核研发）'!B:Q,16,FALSE) -> 46163 | Y48: {=_xlfn.SWITCH(TRUE,ISNUMBER(Q48)*Q48>J48,"逾期完成",ISNUMBER(Q48),"按期完成",J48>TODAY(),"待完成","逾期未完成")} -> 按期完成 | Z48: {=_xlfn.SWITCH(TRUE,ISNUMBER(R48)*R48>K48,"逾期完成",ISNUMBER(R48),"按期完成",K48>TODAY(),"待完成","逾期未完成")} -> 逾期完成 | AA48: {=_xlfn.SWITCH(TRUE,ISNUMBER(S48)*S48>L48,"逾期完成",ISNUMBER(S48),"按期完成",L48>TODAY(),"待完成","逾期未完成")} -> 逾期完成 | AB48: {=_xlfn.SWITCH(TRUE,ISNUMBER(T48)*T48>M48,"逾期完成",ISNUMBER(T48),"按期完成",M48>TODAY(),"待完成","逾期未完成")} -> 逾期完成 | AC48: {=_xlfn.SWITCH(TRUE,ISNUMBER(U48)*U48>N48,"逾期完成",ISNUMBER(U48),"按期完成",N48>TODAY(),"待完成","逾期未完成")} -> 逾期未完成 | AD48: {=_xlfn.SWITCH(TRUE,ISNUMBER(V48)*V48>O48,"逾期完成",ISNUMBER(V48),"按期完成",O48>TODAY(),"待完成","逾期未完成")} -> 逾期未完成 | AE48: =IF(ISNUMBER(X48),"已获证","未获证") -> 未获证 | AF48: {=_xlfn.SWITCH(TRUE,ISNUMBER(W48)*W48>P48,"逾期完成",ISNUMBER(W48),"按期完成",P48>TODAY(),"待完成","逾期未完成")} -> 逾期未完成 | AG48: 未完成 | AJ48: 高 | AK48: 郑光廷 | AL48: 自研 | AM48: =IF(AND(OR(AB48="按期完成",AB48="逾期完成"),OR(AC48<>"待完成",AD48<>"待完成")),"批产,"&IF(OR(AC48="逾期完成",AC48="逾期未完成",AD48="逾期完成",AD48="逾期未完成"),"逾期","按期"),IF(AND(OR(Z48="按期完成",Z48="逾期完成"),OR(AA48<>"待完成",AB48<>"待完成")),"中试,"&IF(OR(AA48="逾期完成",AA48="逾期未完成",AB48="逾期完成",AB48="逾期未完成"),"逾期","按期"),IF(OR(Y48<>"待完成",Z48<>"待完成"),"送检,"&IF(OR(Y48="逾期完成",Y48="逾期未完成",Z48="逾期完成",Z48="逾期未完成"),"逾期","按期"),"未启动,未开始"))) -> 批产,逾期 | AN48: =IF(OR(NOT(ISNUMBER(J48)),NOT(ISNUMBER(L48)),NOT(ISNUMBER(M48)),NOT(ISNUMBER(N48)),NOT(ISNUMBER(O48)),NOT(ISNUMBER(P48))),"暂无计划",IF(ISBLANK(Q48),IF(AND(J48-TODAY()>=0,J48-TODAY()<=10),"⚠️ 送检开始（还有"&ROUNDUP(J48-TODAY(),0)&"天，重点关注）",IF(J48>=TODAY(),"送检开始（还有"&ROUNDUP(J48-TODAY(),0)&"天）","送检开始（已超期"&ROUNDUP(TODAY()-J48,0)&"天）")),IF(ISBLANK(S48),IF(AND(L48-TODAY()>=0,L48-TODAY()<=10),"⚠️ 中试开始（还有"&ROUNDUP(L48-TODAY(),0)&"天，重点关注）",IF(L48>=TODAY(),"中试开始（还有"&ROUNDUP(L48-TODAY(),0)&"天）","中试开始（已超期"&ROUNDUP(TODAY()-L48,0)&"天）")),IF(ISBLANK(T48),IF(AND(M48-TODAY()>=0,M48-TODAY()<=10),"⚠️ 中试结束（还有"&ROUNDUP(M48-TODAY(),0)&"天，重点关注）",IF(M48>=TODAY(),"中试结束（还有"&ROUNDUP(M48-TODAY(),0)&"天）","中试结束（已超期"&ROUNDUP(TODAY()-M48,0)&"天）")),IF(ISBLANK(U48),IF(AND(N48-TODAY()>=0,N48-TODAY()<=10),"⚠️ 批产开始（还有"&ROUNDUP(N48-TODAY(),0)&"天，重点关注）",IF(N48>=TODAY(),"批产开始（还有"&ROUNDUP(N48-TODAY(),0)&"天）","批产开始（已超期"&ROUNDUP(TODAY()-N48,0)&"天）")),IF(ISBLANK(V48),IF(AND(O48-TODAY()>=0,O48-TODAY()<=10),"⚠️ 批产结束（还有"&ROUNDUP(O48-TODAY(),0)&"天，重点关注）",IF(O48>=TODAY(),"批产结束（还有"&ROUNDUP(O48-TODAY(),0)&"天）","批产结束（已超期"&ROUNDUP(TODAY()-O48,0)&"天）")),IF(ISBLANK(W48),IF(AND(P48-TODAY()>=0,P48-TODAY()<=10),"⚠️ 上市（还有"&ROUNDUP(P48-TODAY(),0)&"天，重点关注）",IF(P48>=TODAY(),"上市（还有"&ROUNDUP(P48-TODAY(),0)&"天）","上市（已超期"&ROUNDUP(TODAY()-P48,0)&"天）")),"已完成所有阶段"))))))) -> 批产开始（已超期77天） | AO48: 45778 | AP48: 46143
A49: 49 | B49: 火灾报警 | E49: 独立式感烟火灾报警器 | F49: JTY-GD-EI9014G | G49: 1 | H49: 10600072 | I49: JTY-GD-EI9014(4G) | J49: 46111 | K49: 46223 | L49: 46183 | M49: 46233 | N49: 46244 | O49: 46254 | P49: 46254 | Q49: 46111 | S49: 46125 | Y49: {=_xlfn.SWITCH(TRUE,ISNUMBER(Q49)*Q49>J49,"逾期完成",ISNUMBER(Q49),"按期完成",J49>TODAY(),"待完成","逾期未完成")} -> 按期完成 | Z49: {=_xlfn.SWITCH(TRUE,ISNUMBER(R49)*R49>K49,"逾期完成",ISNUMBER(R49),"按期完成",K49>TODAY(),"待完成","逾期未完成")} -> 待完成 | AA49: {=_xlfn.SWITCH(TRUE,ISNUMBER(S49)*S49>L49,"逾期完成",ISNUMBER(S49),"按期完成",L49>TODAY(),"待完成","逾期未完成")} -> 按期完成 | AB49: {=_xlfn.SWITCH(TRUE,ISNUMBER(T49)*T49>M49,"逾期完成",ISNUMBER(T49),"按期完成",M49>TODAY(),"待完成","逾期未完成")} -> 待完成 | AC49: {=_xlfn.SWITCH(TRUE,ISNUMBER(U49)*U49>N49,"逾期完成",ISNUMBER(U49),"按期完成",N49>TODAY(),"待完成","逾期未完成")} -> 待完成 | AD49: {=_xlfn.SWITCH(TRUE,ISNUMBER(V49)*V49>O49,"逾期完成",ISNUMBER(V49),"按期完成",O49>TODAY(),"待完成","逾期未完成")} -> 待完成 | AE49: =IF(ISNUMBER(X49),"已获证","未获证") -> 未获证 | AF49: {=_xlfn.SWITCH(TRUE,ISNUMBER(W49)*W49>P49,"逾期完成",ISNUMBER(W49),"按期完成",P49>TODAY(),"待完成","逾期未完成")} -> 待完成 | AG49: 未完成 | AI49: 5月13日，计划变更1次 | AJ49: 高 | AK49: 李威 | AL49: 自研 | AM49: =IF(AND(OR(AB49="按期完成",AB49="逾期完成"),OR(AC49<>"待完成",AD49<>"待完成")),"批产,"&IF(OR(AC49="逾期完成",AC49="逾期未完成",AD49="逾期完成",AD49="逾期未完成"),"逾期","按期"),IF(AND(OR(Z49="按期完成",Z49="逾期完成"),OR(AA49<>"待完成",AB49<>"待完成")),"中试,"&IF(OR(AA49="逾期完成",AA49="逾期未完成",AB49="逾期完成",AB49="逾期未完成"),"逾期","按期"),IF(OR(Y49<>"待完成",Z49<>"待完成"),"送检,"&IF(OR(Y49="逾期完成",Y49="逾期未完成",Z49="逾期完成",Z49="逾期未完成"),"逾期","按期"),"未启动,未开始"))) -> 送检,按期 | AN49: =IF(OR(NOT(ISNUMBER(J49)),NOT(ISNUMBER(L49)),NOT(ISNUMBER(M49)),NOT(ISNUMBER(N49)),NOT(ISNUMBER(O49)),NOT(ISNUMBER(P49))),"暂无计划",IF(ISBLANK(Q49),IF(AND(J49-TODAY()>=0,J49-TODAY()<=10),"⚠️ 送检开始（还有"&ROUNDUP(J49-TODAY(),0)&"天，重点关注）",IF(J49>=TODAY(),"送检开始（还有"&ROUNDUP(J49-TODAY(),0)&"天）","送检开始（已超期"&ROUNDUP(TODAY()-J49,0)&"天）")),IF(ISBLANK(S49),IF(AND(L49-TODAY()>=0,L49-TODAY()<=10),"⚠️ 中试开始（还有"&ROUNDUP(L49-TODAY(),0)&"天，重点关注）",IF(L49>=TODAY(),"中试开始（还有"&ROUNDUP(L49-TODAY(),0)&"天）","中试开始（已超期"&ROUNDUP(TODAY()-L49,0)&"天）")),IF(ISBLANK(T49),IF(AND(M49-TODAY()>=0,M49-TODAY()<=10),"⚠️ 中试结束（还有"&ROUNDUP(M49-TODAY(),0)&"天，重点关注）",IF(M49>=TODAY(),"中试结束（还有"&ROUNDUP(M49-TODAY(),0)&"天）","中试结束（已超期"&ROUNDUP(TODAY()-M49,0)&"天）")),IF(ISBLANK(U49),IF(AND(N49-TODAY()>=0,N49-TODAY()<=10),"⚠️ 批产开始（还有"&ROUNDUP(N49-TODAY(),0)&"天，重点关注）",IF(N49>=TODAY(),"批产开始（还有"&ROUNDUP(N49-TODAY(),0)&"天）","批产开始（已超期"&ROUNDUP(TODAY()-N49,0)&"天）")),IF(ISBLANK(V49),IF(AND(O49-TODAY()>=0,O49-TODAY()<=10),"⚠️ 批产结束（还有"&ROUNDUP(O49-TODAY(),0)&"天，重点关注）",IF(O49>=TODAY(),"批产结束（还有"&ROUNDUP(O49-TODAY(),0)&"天）","批产结束（已超期"&ROUNDUP(TODAY()-O49,0)&"天）")),IF(ISBLANK(W49),IF(AND(P49-TODAY()>=0,P49-TODAY()<=10),"⚠️ 上市（还有"&ROUNDUP(P49-TODAY(),0)&"天，重点关注）",IF(P49>=TODAY(),"上市（还有"&ROUNDUP(P49-TODAY(),0)&"天）","上市（已超期"&ROUNDUP(TODAY()-P49,0)&"天）")),"已完成所有阶段"))))))) -> 中试结束（还有55天） | AO49: 46174 | AP49: 46539
A50: 50 | B50: 火灾报警 | E50: 无线点型感温火灾探测器 | F50: JTW-ZCD-EI9011W | G50: 1 | H50: 10101010 | I50: JTW-ZCD-EI8011W | J50: 46111 | K50: 46244 | L50: 46213 | M50: 46264 | N50: 46275 | O50: 46285 | P50: 46285 | Q50: 46126 | S50: 46151 | Y50: {=_xlfn.SWITCH(TRUE,ISNUMBER(Q50)*Q50>J50,"逾期完成",ISNUMBER(Q50),"按期完成",J50>TODAY(),"待完成","逾期未完成")} -> 逾期完成 | Z50: {=_xlfn.SWITCH(TRUE,ISNUMBER(R50)*R50>K50,"逾期完成",ISNUMBER(R50),"按期完成",K50>TODAY(),"待完成","逾期未完成")} -> 待完成 | AA50: {=_xlfn.SWITCH(TRUE,ISNUMBER(S50)*S50>L50,"逾期完成",ISNUMBER(S50),"按期完成",L50>TODAY(),"待完成","逾期未完成")} -> 按期完成 | AB50: {=_xlfn.SWITCH(TRUE,ISNUMBER(T50)*T50>M50,"逾期完成",ISNUMBER(T50),"按期完成",M50>TODAY(),"待完成","逾期未完成")} -> 待完成 | AC50: {=_xlfn.SWITCH(TRUE,ISNUMBER(U50)*U50>N50,"逾期完成",ISNUMBER(U50),"按期完成",N50>TODAY(),"待完成","逾期未完成")} -> 待完成 | AD50: {=_xlfn.SWITCH(TRUE,ISNUMBER(V50)*V50>O50,"逾期完成",ISNUMBER(V50),"按期完成",O50>TODAY(),"待完成","逾期未完成")} -> 待完成 | AE50: =IF(ISNUMBER(X50),"已获证","未获证") -> 未获证 | AF50: {=_xlfn.SWITCH(TRUE,ISNUMBER(W50)*W50>P50,"逾期完成",ISNUMBER(W50),"按期完成",P50>TODAY(),"待完成","逾期未完成")} -> 待完成 | AG50: 未完成 | AI50: 5月13日，计划变更1次 | AJ50: 低 | AK50: 李威 | AL50: 自研 | AM50: =IF(AND(OR(AB50="按期完成",AB50="逾期完成"),OR(AC50<>"待完成",AD50<>"待完成")),"批产,"&IF(OR(AC50="逾期完成",AC50="逾期未完成",AD50="逾期完成",AD50="逾期未完成"),"逾期","按期"),IF(AND(OR(Z50="按期完成",Z50="逾期完成"),OR(AA50<>"待完成",AB50<>"待完成")),"中试,"&IF(OR(AA50="逾期完成",AA50="逾期未完成",AB50="逾期完成",AB50="逾期未完成"),"逾期","按期"),IF(OR(Y50<>"待完成",Z50<>"待完成"),"送检,"&IF(OR(Y50="逾期完成",Y50="逾期未完成",Z50="逾期完成",Z50="逾期未完成"),"逾期","按期"),"未启动,未开始"))) -> 送检,逾期 | AN50: =IF(OR(NOT(ISNUMBER(J50)),NOT(ISNUMBER(L50)),NOT(ISNUMBER(M50)),NOT(ISNUMBER(N50)),NOT(ISNUMBER(O50)),NOT(ISNUMBER(P50))),"暂无计划",IF(ISBLANK(Q50),IF(AND(J50-TODAY()>=0,J50-TODAY()<=10),"⚠️ 送检开始（还有"&ROUNDUP(J50-TODAY(),0)&"天，重点关注）",IF(J50>=TODAY(),"送检开始（还有"&ROUNDUP(J50-TODAY(),0)&"天）","送检开始（已超期"&ROUNDUP(TODAY()-J50,0)&"天）")),IF(ISBLANK(S50),IF(AND(L50-TODAY()>=0,L50-TODAY()<=10),"⚠️ 中试开始（还有"&ROUNDUP(L50-TODAY(),0)&"天，重点关注）",IF(L50>=TODAY(),"中试开始（还有"&ROUNDUP(L50-TODAY(),0)&"天）","中试开始（已超期"&ROUNDUP(TODAY()-L50,0)&"天）")),IF(ISBLANK(T50),IF(AND(M50-TODAY()>=0,M50-TODAY()<=10),"⚠️ 中试结束（还有"&ROUNDUP(M50-TODAY(),0)&"天，重点关注）",IF(M50>=TODAY(),"中试结束（还有"&ROUNDUP(M50-TODAY(),0)&"天）","中试结束（已超期"&ROUNDUP(TODAY()-M50,0)&"天）")),IF(ISBLANK(U50),IF(AND(N50-TODAY()>=0,N50-TODAY()<=10),"⚠️ 批产开始（还有"&ROUNDUP(N50-TODAY(),0)&"天，重点关注）",IF(N50>=TODAY(),"批产开始（还有"&ROUNDUP(N50-TODAY(),0)&"天）","批产开始（已超期"&ROUNDUP(TODAY()-N50,0)&"天）")),IF(ISBLANK(V50),IF(AND(O50-TODAY()>=0,O50-TODAY()<=10),"⚠️ 批产结束（还有"&ROUNDUP(O50-TODAY(),0)&"天，重点关注）",IF(O50>=TODAY(),"批产结束（还有"&ROUNDUP(O50-TODAY(),0)&"天）","批产结束（已超期"&ROUNDUP(TODAY()-O50,0)&"天）")),IF(ISBLANK(W50),IF(AND(P50-TODAY()>=0,P50-TODAY()<=10),"⚠️ 上市（还有"&ROUNDUP(P50-TODAY(),0)&"天，重点关注）",IF(P50>=TODAY(),"上市（还有"&ROUNDUP(P50-TODAY(),0)&"天）","上市（已超期"&ROUNDUP(TODAY()-P50,0)&"天）")),"已完成所有阶段"))))))) -> 中试结束（还有86天） | AO50: 45992 | AP50: 46357
A51: 51 | B51: 火灾报警 | E51: 无线手动火灾报警按钮 | F51: J-SAP-EI9021W | G51: 1 | H51: 10101013 | I51: J-SAP-EI8021W | J51: 46111 | K51: 46244 | L51: 46213 | M51: 46264 | N51: 46275 | O51: 46285 | P51: 46285 | Q51: 46126 | S51: 46151 | Y51: {=_xlfn.SWITCH(TRUE,ISNUMBER(Q51)*Q51>J51,"逾期完成",ISNUMBER(Q51),"按期完成",J51>TODAY(),"待完成","逾期未完成")} -> 逾期完成 | Z51: {=_xlfn.SWITCH(TRUE,ISNUMBER(R51)*R51>K51,"逾期完成",ISNUMBER(R51),"按期完成",K51>TODAY(),"待完成","逾期未完成")} -> 待完成 | AA51: {=_xlfn.SWITCH(TRUE,ISNUMBER(S51)*S51>L51,"逾期完成",ISNUMBER(S51),"按期完成",L51>TODAY(),"待完成","逾期未完成")} -> 按期完成 | AB51: {=_xlfn.SWITCH(TRUE,ISNUMBER(T51)*T51>M51,"逾期完成",ISNUMBER(T51),"按期完成",M51>TODAY(),"待完成","逾期未完成")} -> 待完成 | AC51: {=_xlfn.SWITCH(TRUE,ISNUMBER(U51)*U51>N51,"逾期完成",ISNUMBER(U51),"按期完成",N51>TODAY(),"待完成","逾期未完成")} -> 待完成 | AD51: {=_xlfn.SWITCH(TRUE,ISNUMBER(V51)*V51>O51,"逾期完成",ISNUMBER(V51),"按期完成",O51>TODAY(),"待完成","逾期未完成")} -> 待完成 | AE51: =IF(ISNUMBER(X51),"已获证","未获证") -> 未获证 | AF51: {=_xlfn.SWITCH(TRUE,ISNUMBER(W51)*W51>P51,"逾期完成",ISNUMBER(W51),"按期完成",P51>TODAY(),"待完成","逾期未完成")} -> 待完成 | AG51: 未完成 | AI51: 5月13日，计划变更1次 | AJ51: 低 | AK51: 李威 | AL51: 自研 | AM51: =IF(AND(OR(AB51="按期完成",AB51="逾期完成"),OR(AC51<>"待完成",AD51<>"待完成")),"批产,"&IF(OR(AC51="逾期完成",AC51="逾期未完成",AD51="逾期完成",AD51="逾期未完成"),"逾期","按期"),IF(AND(OR(Z51="按期完成",Z51="逾期完成"),OR(AA51<>"待完成",AB51<>"待完成")),"中试,"&IF(OR(AA51="逾期完成",AA51="逾期未完成",AB51="逾期完成",AB51="逾期未完成"),"逾期","按期"),IF(OR(Y51<>"待完成",Z51<>"待完成"),"送检,"&IF(OR(Y51="逾期完成",Y51="逾期未完成",Z51="逾期完成",Z51="逾期未完成"),"逾期","按期"),"未启动,未开始"))) -> 送检,逾期 | AN51: =IF(OR(NOT(ISNUMBER(J51)),NOT(ISNUMBER(L51)),NOT(ISNUMBER(M51)),NOT(ISNUMBER(N51)),NOT(ISNUMBER(O51)),NOT(ISNUMBER(P51))),"暂无计划",IF(ISBLANK(Q51),IF(AND(J51-TODAY()>=0,J51-TODAY()<=10),"⚠️ 送检开始（还有"&ROUNDUP(J51-TODAY(),0)&"天，重点关注）",IF(J51>=TODAY(),"送检开始（还有"&ROUNDUP(J51-TODAY(),0)&"天）","送检开始（已超期"&ROUNDUP(TODAY()-J51,0)&"天）")),IF(ISBLANK(S51),IF(AND(L51-TODAY()>=0,L51-TODAY()<=10),"⚠️ 中试开始（还有"&ROUNDUP(L51-TODAY(),0)&"天，重点关注）",IF(L51>=TODAY(),"中试开始（还有"&ROUNDUP(L51-TODAY(),0)&"天）","中试开始（已超期"&ROUNDUP(TODAY()-L51,0)&"天）")),IF(ISBLANK(T51),IF(AND(M51-TODAY()>=0,M51-TODAY()<=10),"⚠️ 中试结束（还有"&ROUNDUP(M51-TODAY(),0)&"天，重点关注）",IF(M51>=TODAY(),"中试结束（还有"&ROUNDUP(M51-TODAY(),0)&"天）","中试结束（已超期"&ROUNDUP(TODAY()-M51,0)&"天）")),IF(ISBLANK(U51),IF(AND(N51-TODAY()>=0,N51-TODAY()<=10),"⚠️ 批产开始（还有"&ROUNDUP(N51-TODAY(),0)&"天，重点关注）",IF(N51>=TODAY(),"批产开始（还有"&ROUNDUP(N51-TODAY(),0)&"天）","批产开始（已超期"&ROUNDUP(TODAY()-N51,0)&"天）")),IF(ISBLANK(V51),IF(AND(O51-TODAY()>=0,O51-TODAY()<=10),"⚠️ 批产结束（还有"&ROUNDUP(O51-TODAY(),0)&"天，重点关注）",IF(O51>=TODAY(),"批产结束（还有"&ROUNDUP(O51-TODAY(),0)&"天）","批产结束（已超期"&ROUNDUP(TODAY()-O51,0)&"天）")),IF(ISBLANK(W51),IF(AND(P51-TODAY()>=0,P51-TODAY()<=10),"⚠️ 上市（还有"&ROUNDUP(P51-TODAY(),0)&"天，重点关注）",IF(P51>=TODAY(),"上市（还有"&ROUNDUP(P51-TODAY(),0)&"天）","上市（已超期"&ROUNDUP(TODAY()-P51,0)&"天）")),"已完成所有阶段"))))))) -> 中试结束（还有86天） | AO51: 45992 | AP51: 46357
A52: 25 | B52: 火灾报警 | E52: Addressable Smoke Detector（LPCB项目） | F52: EI-N9012 | G52: 1 | H52: - | I52: - | J52: 46111 | K52: 46741 | L52: 46558 | M52: =IF((L52+IF(AJ52="高",45,30))>P52,P52-30,L52+IF(AJ52="高",45,30)) -> 46603 | N52: =P52-IF(AJ52="高",50,30) -> 46691 | O52: =P52 -> 46741 | P52: 46741 | Q52: 46111 | Y52: {=_xlfn.SWITCH(TRUE,ISNUMBER(Q52)*Q52>J52,"逾期完成",ISNUMBER(Q52),"按期完成",J52>TODAY(),"待完成","逾期未完成")} -> 按期完成 | Z52: {=_xlfn.SWITCH(TRUE,ISNUMBER(R52)*R52>K52,"逾期完成",ISNUMBER(R52),"按期完成",K52>TODAY(),"待完成","逾期未完成")} -> 待完成 | AA52: {=_xlfn.SWITCH(TRUE,ISNUMBER(S52)*S52>L52,"逾期完成",ISNUMBER(S52),"按期完成",L52>TODAY(),"待完成","逾期未完成")} -> 待完成 | AB52: {=_xlfn.SWITCH(TRUE,ISNUMBER(T52)*T52>M52,"逾期完成",ISNUMBER(T52),"按期完成",M52>TODAY(),"待完成","逾期未完成")} -> 待完成 | AC52: {=_xlfn.SWITCH(TRUE,ISNUMBER(U52)*U52>N52,"逾期完成",ISNUMBER(U52),"按期完成",N52>TODAY(),"待完成","逾期未完成")} -> 待完成 | AD52: {=_xlfn.SWITCH(TRUE,ISNUMBER(V52)*V52>O52,"逾期完成",ISNUMBER(V52),"按期完成",O52>TODAY(),"待完成","逾期未完成")} -> 待完成 | AE52: =IF(ISNUMBER(X52),"已获证","未获证") -> 未获证 | AF52: {=_xlfn.SWITCH(TRUE,ISNUMBER(W52)*W52>P52,"逾期完成",ISNUMBER(W52),"按期完成",P52>TODAY(),"待完成","逾期未完成")} -> 待完成 | AG52: 未完成 | AJ52: 高 | AK52: 潘荣誉 | AL52: 自研 | AM52: =IF(AND(OR(AB52="按期完成",AB52="逾期完成"),OR(AC52<>"待完成",AD52<>"待完成")),"批产,"&IF(OR(AC52="逾期完成",AC52="逾期未完成",AD52="逾期完成",AD52="逾期未完成"),"逾期","按期"),IF(AND(OR(Z52="按期完成",Z52="逾期完成"),OR(AA52<>"待完成",AB52<>"待完成")),"中试,"&IF(OR(AA52="逾期完成",AA52="逾期未完成",AB52="逾期完成",AB52="逾期未完成"),"逾期","按期"),IF(OR(Y52<>"待完成",Z52<>"待完成"),"送检,"&IF(OR(Y52="逾期完成",Y52="逾期未完成",Z52="逾期完成",Z52="逾期未完成"),"逾期","按期"),"未启动,未开始"))) -> 送检,按期 | AN52: =IF(OR(NOT(ISNUMBER(J52)),NOT(ISNUMBER(L52)),NOT(ISNUMBER(M52)),NOT(ISNUMBER(N52)),NOT(ISNUMBER(O52)),NOT(ISNUMBER(P52))),"暂无计划",IF(ISBLANK(Q52),IF(AND(J52-TODAY()>=0,J52-TODAY()<=10),"⚠️ 送检开始（还有"&ROUNDUP(J52-TODAY(),0)&"天，重点关注）",IF(J52>=TODAY(),"送检开始（还有"&ROUNDUP(J52-TODAY(),0)&"天）","送检开始（已超期"&ROUNDUP(TODAY()-J52,0)&"天）")),IF(ISBLANK(S52),IF(AND(L52-TODAY()>=0,L52-TODAY()<=10),"⚠️ 中试开始（还有"&ROUNDUP(L52-TODAY(),0)&"天，重点关注）",IF(L52>=TODAY(),"中试开始（还有"&ROUNDUP(L52-TODAY(),0)&"天）","中试开始（已超期"&ROUNDUP(TODAY()-L52,0)&"天）")),IF(ISBLANK(T52),IF(AND(M52-TODAY()>=0,M52-TODAY()<=10),"⚠️ 中试结束（还有"&ROUNDUP(M52-TODAY(),0)&"天，重点关注）",IF(M52>=TODAY(),"中试结束（还有"&ROUNDUP(M52-TODAY(),0)&"天）","中试结束（已超期"&ROUNDUP(TODAY()-M52,0)&"天）")),IF(ISBLANK(U52),IF(AND(N52-TODAY()>=0,N52-TODAY()<=10),"⚠️ 批产开始（还有"&ROUNDUP(N52-TODAY(),0)&"天，重点关注）",IF(N52>=TODAY(),"批产开始（还有"&ROUNDUP(N52-TODAY(),0)&"天）","批产开始（已超期"&ROUNDUP(TODAY()-N52,0)&"天）")),IF(ISBLANK(V52),IF(AND(O52-TODAY()>=0,O52-TODAY()<=10),"⚠️ 批产结束（还有"&ROUNDUP(O52-TODAY(),0)&"天，重点关注）",IF(O52>=TODAY(),"批产结束（还有"&ROUNDUP(O52-TODAY(),0)&"天）","批产结束（已超期"&ROUNDUP(TODAY()-O52,0)&"天）")),IF(ISBLANK(W52),IF(AND(P52-TODAY()>=0,P52-TODAY()<=10),"⚠️ 上市（还有"&ROUNDUP(P52-TODAY(),0)&"天，重点关注）",IF(P52>=TODAY(),"上市（还有"&ROUNDUP(P52-TODAY(),0)&"天）","上市（已超期"&ROUNDUP(TODAY()-P52,0)&"天）")),"已完成所有阶段"))))))) -> 中试开始（还有380天）
A53: 26 | B53: 火灾报警 | E53: Addressable Heat Detector（LPCB项目） | F53: EI-N9013 | G53: 1 | H53: - | I53: - | J53: 46111 | K53: 46741 | L53: 46558 | M53: =IF((L53+IF(AJ53="高",45,30))>P53,P53-30,L53+IF(AJ53="高",45,30)) -> 46603 | N53: =P53-IF(AJ53="高",50,30) -> 46691 | O53: =P53 -> 46741 | P53: 46741 | Q53: 46111 | Y53: {=_xlfn.SWITCH(TRUE,ISNUMBER(Q53)*Q53>J53,"逾期完成",ISNUMBER(Q53),"按期完成",J53>TODAY(),"待完成","逾期未完成")} -> 按期完成 | Z53: {=_xlfn.SWITCH(TRUE,ISNUMBER(R53)*R53>K53,"逾期完成",ISNUMBER(R53),"按期完成",K53>TODAY(),"待完成","逾期未完成")} -> 待完成 | AA53: {=_xlfn.SWITCH(TRUE,ISNUMBER(S53)*S53>L53,"逾期完成",ISNUMBER(S53),"按期完成",L53>TODAY(),"待完成","逾期未完成")} -> 待完成 | AB53: {=_xlfn.SWITCH(TRUE,ISNUMBER(T53)*T53>M53,"逾期完成",ISNUMBER(T53),"按期完成",M53>TODAY(),"待完成","逾期未完成")} -> 待完成 | AC53: {=_xlfn.SWITCH(TRUE,ISNUMBER(U53)*U53>N53,"逾期完成",ISNUMBER(U53),"按期完成",N53>TODAY(),"待完成","逾期未完成")} -> 待完成 | AD53: {=_xlfn.SWITCH(TRUE,ISNUMBER(V53)*V53>O53,"逾期完成",ISNUMBER(V53),"按期完成",O53>TODAY(),"待完成","逾期未完成")} -> 待完成 | AE53: =IF(ISNUMBER(X53),"已获证","未获证") -> 未获证 | AF53: {=_xlfn.SWITCH(TRUE,ISNUMBER(W53)*W53>P53,"逾期完成",ISNUMBER(W53),"按期完成",P53>TODAY(),"待完成","逾期未完成")} -> 待完成 | AG53: 未完成 | AJ53: 高 | AK53: 潘荣誉 | AL53: 自研 | AM53: =IF(AND(OR(AB53="按期完成",AB53="逾期完成"),OR(AC53<>"待完成",AD53<>"待完成")),"批产,"&IF(OR(AC53="逾期完成",AC53="逾期未完成",AD53="逾期完成",AD53="逾期未完成"),"逾期","按期"),IF(AND(OR(Z53="按期完成",Z53="逾期完成"),OR(AA53<>"待完成",AB53<>"待完成")),"中试,"&IF(OR(AA53="逾期完成",AA53="逾期未完成",AB53="逾期完成",AB53="逾期未完成"),"逾期","按期"),IF(OR(Y53<>"待完成",Z53<>"待完成"),"送检,"&IF(OR(Y53="逾期完成",Y53="逾期未完成",Z53="逾期完成",Z53="逾期未完成"),"逾期","按期"),"未启动,未开始"))) -> 送检,按期 | AN53: =IF(OR(NOT(ISNUMBER(J53)),NOT(ISNUMBER(L53)),NOT(ISNUMBER(M53)),NOT(ISNUMBER(N53)),NOT(ISNUMBER(O53)),NOT(ISNUMBER(P53))),"暂无计划",IF(ISBLANK(Q53),IF(AND(J53-TODAY()>=0,J53-TODAY()<=10),"⚠️ 送检开始（还有"&ROUNDUP(J53-TODAY(),0)&"天，重点关注）",IF(J53>=TODAY(),"送检开始（还有"&ROUNDUP(J53-TODAY(),0)&"天）","送检开始（已超期"&ROUNDUP(TODAY()-J53,0)&"天）")),IF(ISBLANK(S53),IF(AND(L53-TODAY()>=0,L53-TODAY()<=10),"⚠️ 中试开始（还有"&ROUNDUP(L53-TODAY(),0)&"天，重点关注）",IF(L53>=TODAY(),"中试开始（还有"&ROUNDUP(L53-TODAY(),0)&"天）","中试开始（已超期"&ROUNDUP(TODAY()-L53,0)&"天）")),IF(ISBLANK(T53),IF(AND(M53-TODAY()>=0,M53-TODAY()<=10),"⚠️ 中试结束（还有"&ROUNDUP(M53-TODAY(),0)&"天，重点关注）",IF(M53>=TODAY(),"中试结束（还有"&ROUNDUP(M53-TODAY(),0)&"天）","中试结束（已超期"&ROUNDUP(TODAY()-M53,0)&"天）")),IF(ISBLANK(U53),IF(AND(N53-TODAY()>=0,N53-TODAY()<=10),"⚠️ 批产开始（还有"&ROUNDUP(N53-TODAY(),0)&"天，重点关注）",IF(N53>=TODAY(),"批产开始（还有"&ROUNDUP(N53-TODAY(),0)&"天）","批产开始（已超期"&ROUNDUP(TODAY()-N53,0)&"天）")),IF(ISBLANK(V53),IF(AND(O53-TODAY()>=0,O53-TODAY()<=10),"⚠️ 批产结束（还有"&ROUNDUP(O53-TODAY(),0)&"天，重点关注）",IF(O53>=TODAY(),"批产结束（还有"&ROUNDUP(O53-TODAY(),0)&"天）","批产结束（已超期"&ROUNDUP(TODAY()-O53,0)&"天）")),IF(ISBLANK(W53),IF(AND(P53-TODAY()>=0,P53-TODAY()<=10),"⚠️ 上市（还有"&ROUNDUP(P53-TODAY(),0)&"天，重点关注）",IF(P53>=TODAY(),"上市（还有"&ROUNDUP(P53-TODAY(),0)&"天）","上市（已超期"&ROUNDUP(TODAY()-P53,0)&"天）")),"已完成所有阶段"))))))) -> 中试开始（还有380天）
A54: 27 | B54: 火灾报警 | E54: Addressable Manual Call Point（LPCB项目） | F54: EI-N9021 | G54: 1 | H54: - | I54: - | J54: 46111 | K54: 46741 | L54: 46558 | M54: =IF((L54+IF(AJ54="高",45,30))>P54,P54-30,L54+IF(AJ54="高",45,30)) -> 46603 | N54: =P54-IF(AJ54="高",50,30) -> 46691 | O54: =P54 -> 46741 | P54: 46741 | Q54: 46111 | Y54: {=_xlfn.SWITCH(TRUE,ISNUMBER(Q54)*Q54>J54,"逾期完成",ISNUMBER(Q54),"按期完成",J54>TODAY(),"待完成","逾期未完成")} -> 按期完成 | Z54: {=_xlfn.SWITCH(TRUE,ISNUMBER(R54)*R54>K54,"逾期完成",ISNUMBER(R54),"按期完成",K54>TODAY(),"待完成","逾期未完成")} -> 待完成 | AA54: {=_xlfn.SWITCH(TRUE,ISNUMBER(S54)*S54>L54,"逾期完成",ISNUMBER(S54),"按期完成",L54>TODAY(),"待完成","逾期未完成")} -> 待完成 | AB54: {=_xlfn.SWITCH(TRUE,ISNUMBER(T54)*T54>M54,"逾期完成",ISNUMBER(T54),"按期完成",M54>TODAY(),"待完成","逾期未完成")} -> 待完成 | AC54: {=_xlfn.SWITCH(TRUE,ISNUMBER(U54)*U54>N54,"逾期完成",ISNUMBER(U54),"按期完成",N54>TODAY(),"待完成","逾期未完成")} -> 待完成 | AD54: {=_xlfn.SWITCH(TRUE,ISNUMBER(V54)*V54>O54,"逾期完成",ISNUMBER(V54),"按期完成",O54>TODAY(),"待完成","逾期未完成")} -> 待完成 | AE54: =IF(ISNUMBER(X54),"已获证","未获证") -> 未获证 | AF54: {=_xlfn.SWITCH(TRUE,ISNUMBER(W54)*W54>P54,"逾期完成",ISNUMBER(W54),"按期完成",P54>TODAY(),"待完成","逾期未完成")} -> 待完成 | AG54: 未完成 | AJ54: 高 | AK54: 潘荣誉 | AL54: 自研 | AM54: =IF(AND(OR(AB54="按期完成",AB54="逾期完成"),OR(AC54<>"待完成",AD54<>"待完成")),"批产,"&IF(OR(AC54="逾期完成",AC54="逾期未完成",AD54="逾期完成",AD54="逾期未完成"),"逾期","按期"),IF(AND(OR(Z54="按期完成",Z54="逾期完成"),OR(AA54<>"待完成",AB54<>"待完成")),"中试,"&IF(OR(AA54="逾期完成",AA54="逾期未完成",AB54="逾期完成",AB54="逾期未完成"),"逾期","按期"),IF(OR(Y54<>"待完成",Z54<>"待完成"),"送检,"&IF(OR(Y54="逾期完成",Y54="逾期未完成",Z54="逾期完成",Z54="逾期未完成"),"逾期","按期"),"未启动,未开始"))) -> 送检,按期 | AN54: =IF(OR(NOT(ISNUMBER(J54)),NOT(ISNUMBER(L54)),NOT(ISNUMBER(M54)),NOT(ISNUMBER(N54)),NOT(ISNUMBER(O54)),NOT(ISNUMBER(P54))),"暂无计划",IF(ISBLANK(Q54),IF(AND(J54-TODAY()>=0,J54-TODAY()<=10),"⚠️ 送检开始（还有"&ROUNDUP(J54-TODAY(),0)&"天，重点关注）",IF(J54>=TODAY(),"送检开始（还有"&ROUNDUP(J54-TODAY(),0)&"天）","送检开始（已超期"&ROUNDUP(TODAY()-J54,0)&"天）")),IF(ISBLANK(S54),IF(AND(L54-TODAY()>=0,L54-TODAY()<=10),"⚠️ 中试开始（还有"&ROUNDUP(L54-TODAY(),0)&"天，重点关注）",IF(L54>=TODAY(),"中试开始（还有"&ROUNDUP(L54-TODAY(),0)&"天）","中试开始（已超期"&ROUNDUP(TODAY()-L54,0)&"天）")),IF(ISBLANK(T54),IF(AND(M54-TODAY()>=0,M54-TODAY()<=10),"⚠️ 中试结束（还有"&ROUNDUP(M54-TODAY(),0)&"天，重点关注）",IF(M54>=TODAY(),"中试结束（还有"&ROUNDUP(M54-TODAY(),0)&"天）","中试结束（已超期"&ROUNDUP(TODAY()-M54,0)&"天）")),IF(ISBLANK(U54),IF(AND(N54-TODAY()>=0,N54-TODAY()<=10),"⚠️ 批产开始（还有"&ROUNDUP(N54-TODAY(),0)&"天，重点关注）",IF(N54>=TODAY(),"批产开始（还有"&ROUNDUP(N54-TODAY(),0)&"天）","批产开始（已超期"&ROUNDUP(TODAY()-N54,0)&"天）")),IF(ISBLANK(V54),IF(AND(O54-TODAY()>=0,O54-TODAY()<=10),"⚠️ 批产结束（还有"&ROUNDUP(O54-TODAY(),0)&"天，重点关注）",IF(O54>=TODAY(),"批产结束（还有"&ROUNDUP(O54-TODAY(),0)&"天）","批产结束（已超期"&ROUNDUP(TODAY()-O54,0)&"天）")),IF(ISBLANK(W54),IF(AND(P54-TODAY()>=0,P54-TODAY()<=10),"⚠️ 上市（还有"&ROUNDUP(P54-TODAY(),0)&"天，重点关注）",IF(P54>=TODAY(),"上市（还有"&ROUNDUP(P54-TODAY(),0)&"天）","上市（已超期"&ROUNDUP(TODAY()-P54,0)&"天）")),"已完成所有阶段"))))))) -> 中试开始（还有380天）
A55: 28 | B55: 火灾报警 | E55: Addressable Sounder Strobe（LPCB项目） | F55: EI-N9085 | G55: 1 | H55: - | I55: - | J55: 46111 | K55: 46741 | L55: 46558 | M55: =IF((L55+IF(AJ55="高",45,30))>P55,P55-30,L55+IF(AJ55="高",45,30)) -> 46603 | N55: =P55-IF(AJ55="高",50,30) -> 46691 | O55: =P55 -> 46741 | P55: 46741 | Q55: 46111 | Y55: {=_xlfn.SWITCH(TRUE,ISNUMBER(Q55)*Q55>J55,"逾期完成",ISNUMBER(Q55),"按期完成",J55>TODAY(),"待完成","逾期未完成")} -> 按期完成 | Z55: {=_xlfn.SWITCH(TRUE,ISNUMBER(R55)*R55>K55,"逾期完成",ISNUMBER(R55),"按期完成",K55>TODAY(),"待完成","逾期未完成")} -> 待完成 | AA55: {=_xlfn.SWITCH(TRUE,ISNUMBER(S55)*S55>L55,"逾期完成",ISNUMBER(S55),"按期完成",L55>TODAY(),"待完成","逾期未完成")} -> 待完成 | AB55: {=_xlfn.SWITCH(TRUE,ISNUMBER(T55)*T55>M55,"逾期完成",ISNUMBER(T55),"按期完成",M55>TODAY(),"待完成","逾期未完成")} -> 待完成 | AC55: {=_xlfn.SWITCH(TRUE,ISNUMBER(U55)*U55>N55,"逾期完成",ISNUMBER(U55),"按期完成",N55>TODAY(),"待完成","逾期未完成")} -> 待完成 | AD55: {=_xlfn.SWITCH(TRUE,ISNUMBER(V55)*V55>O55,"逾期完成",ISNUMBER(V55),"按期完成",O55>TODAY(),"待完成","逾期未完成")} -> 待完成 | AE55: =IF(ISNUMBER(X55),"已获证","未获证") -> 未获证 | AF55: {=_xlfn.SWITCH(TRUE,ISNUMBER(W55)*W55>P55,"逾期完成",ISNUMBER(W55),"按期完成",P55>TODAY(),"待完成","逾期未完成")} -> 待完成 | AG55: 未完成 | AJ55: 高 | AK55: 潘荣誉 | AL55: 自研 | AM55: =IF(AND(OR(AB55="按期完成",AB55="逾期完成"),OR(AC55<>"待完成",AD55<>"待完成")),"批产,"&IF(OR(AC55="逾期完成",AC55="逾期未完成",AD55="逾期完成",AD55="逾期未完成"),"逾期","按期"),IF(AND(OR(Z55="按期完成",Z55="逾期完成"),OR(AA55<>"待完成",AB55<>"待完成")),"中试,"&IF(OR(AA55="逾期完成",AA55="逾期未完成",AB55="逾期完成",AB55="逾期未完成"),"逾期","按期"),IF(OR(Y55<>"待完成",Z55<>"待完成"),"送检,"&IF(OR(Y55="逾期完成",Y55="逾期未完成",Z55="逾期完成",Z55="逾期未完成"),"逾期","按期"),"未启动,未开始"))) -> 送检,按期 | AN55: =IF(OR(NOT(ISNUMBER(J55)),NOT(ISNUMBER(L55)),NOT(ISNUMBER(M55)),NOT(ISNUMBER(N55)),NOT(ISNUMBER(O55)),NOT(ISNUMBER(P55))),"暂无计划",IF(ISBLANK(Q55),IF(AND(J55-TODAY()>=0,J55-TODAY()<=10),"⚠️ 送检开始（还有"&ROUNDUP(J55-TODAY(),0)&"天，重点关注）",IF(J55>=TODAY(),"送检开始（还有"&ROUNDUP(J55-TODAY(),0)&"天）","送检开始（已超期"&ROUNDUP(TODAY()-J55,0)&"天）")),IF(ISBLANK(S55),IF(AND(L55-TODAY()>=0,L55-TODAY()<=10),"⚠️ 中试开始（还有"&ROUNDUP(L55-TODAY(),0)&"天，重点关注）",IF(L55>=TODAY(),"中试开始（还有"&ROUNDUP(L55-TODAY(),0)&"天）","中试开始（已超期"&ROUNDUP(TODAY()-L55,0)&"天）")),IF(ISBLANK(T55),IF(AND(M55-TODAY()>=0,M55-TODAY()<=10),"⚠️ 中试结束（还有"&ROUNDUP(M55-TODAY(),0)&"天，重点关注）",IF(M55>=TODAY(),"中试结束（还有"&ROUNDUP(M55-TODAY(),0)&"天）","中试结束（已超期"&ROUNDUP(TODAY()-M55,0)&"天）")),IF(ISBLANK(U55),IF(AND(N55-TODAY()>=0,N55-TODAY()<=10),"⚠️ 批产开始（还有"&ROUNDUP(N55-TODAY(),0)&"天，重点关注）",IF(N55>=TODAY(),"批产开始（还有"&ROUNDUP(N55-TODAY(),0)&"天）","批产开始（已超期"&ROUNDUP(TODAY()-N55,0)&"天）")),IF(ISBLANK(V55),IF(AND(O55-TODAY()>=0,O55-TODAY()<=10),"⚠️ 批产结束（还有"&ROUNDUP(O55-TODAY(),0)&"天，重点关注）",IF(O55>=TODAY(),"批产结束（还有"&ROUNDUP(O55-TODAY(),0)&"天）","批产结束（已超期"&ROUNDUP(TODAY()-O55,0)&"天）")),IF(ISBLANK(W55),IF(AND(P55-TODAY()>=0,P55-TODAY()<=10),"⚠️ 上市（还有"&ROUNDUP(P55-TODAY(),0)&"天，重点关注）",IF(P55>=TODAY(),"上市（还有"&ROUNDUP(P55-TODAY(),0)&"天）","上市（已超期"&ROUNDUP(TODAY()-P55,0)&"天）")),"已完成所有阶段"))))))) -> 中试开始（还有380天）
A56: 29 | B56: 火灾报警 | E56: Addressable Input Module（LPCB项目） | F56: EI-N9030 | G56: 1 | H56: - | I56: - | J56: 46111 | K56: 46741 | L56: 46558 | M56: =IF((L56+IF(AJ56="高",45,30))>P56,P56-30,L56+IF(AJ56="高",45,30)) -> 46603 | N56: =P56-IF(AJ56="高",50,30) -> 46691 | O56: =P56 -> 46741 | P56: 46741 | Q56: 46111 | Y56: {=_xlfn.SWITCH(TRUE,ISNUMBER(Q56)*Q56>J56,"逾期完成",ISNUMBER(Q56),"按期完成",J56>TODAY(),"待完成","逾期未完成")} -> 按期完成 | Z56: {=_xlfn.SWITCH(TRUE,ISNUMBER(R56)*R56>K56,"逾期完成",ISNUMBER(R56),"按期完成",K56>TODAY(),"待完成","逾期未完成")} -> 待完成 | AA56: {=_xlfn.SWITCH(TRUE,ISNUMBER(S56)*S56>L56,"逾期完成",ISNUMBER(S56),"按期完成",L56>TODAY(),"待完成","逾期未完成")} -> 待完成 | AB56: {=_xlfn.SWITCH(TRUE,ISNUMBER(T56)*T56>M56,"逾期完成",ISNUMBER(T56),"按期完成",M56>TODAY(),"待完成","逾期未完成")} -> 待完成 | AC56: {=_xlfn.SWITCH(TRUE,ISNUMBER(U56)*U56>N56,"逾期完成",ISNUMBER(U56),"按期完成",N56>TODAY(),"待完成","逾期未完成")} -> 待完成 | AD56: {=_xlfn.SWITCH(TRUE,ISNUMBER(V56)*V56>O56,"逾期完成",ISNUMBER(V56),"按期完成",O56>TODAY(),"待完成","逾期未完成")} -> 待完成 | AE56: =IF(ISNUMBER(X56),"已获证","未获证") -> 未获证 | AF56: {=_xlfn.SWITCH(TRUE,ISNUMBER(W56)*W56>P56,"逾期完成",ISNUMBER(W56),"按期完成",P56>TODAY(),"待完成","逾期未完成")} -> 待完成 | AG56: 未完成 | AJ56: 高 | AK56: 潘荣誉 | AL56: 自研 | AM56: =IF(AND(OR(AB56="按期完成",AB56="逾期完成"),OR(AC56<>"待完成",AD56<>"待完成")),"批产,"&IF(OR(AC56="逾期完成",AC56="逾期未完成",AD56="逾期完成",AD56="逾期未完成"),"逾期","按期"),IF(AND(OR(Z56="按期完成",Z56="逾期完成"),OR(AA56<>"待完成",AB56<>"待完成")),"中试,"&IF(OR(AA56="逾期完成",AA56="逾期未完成",AB56="逾期完成",AB56="逾期未完成"),"逾期","按期"),IF(OR(Y56<>"待完成",Z56<>"待完成"),"送检,"&IF(OR(Y56="逾期完成",Y56="逾期未完成",Z56="逾期完成",Z56="逾期未完成"),"逾期","按期"),"未启动,未开始"))) -> 送检,按期 | AN56: =IF(OR(NOT(ISNUMBER(J56)),NOT(ISNUMBER(L56)),NOT(ISNUMBER(M56)),NOT(ISNUMBER(N56)),NOT(ISNUMBER(O56)),NOT(ISNUMBER(P56))),"暂无计划",IF(ISBLANK(Q56),IF(AND(J56-TODAY()>=0,J56-TODAY()<=10),"⚠️ 送检开始（还有"&ROUNDUP(J56-TODAY(),0)&"天，重点关注）",IF(J56>=TODAY(),"送检开始（还有"&ROUNDUP(J56-TODAY(),0)&"天）","送检开始（已超期"&ROUNDUP(TODAY()-J56,0)&"天）")),IF(ISBLANK(S56),IF(AND(L56-TODAY()>=0,L56-TODAY()<=10),"⚠️ 中试开始（还有"&ROUNDUP(L56-TODAY(),0)&"天，重点关注）",IF(L56>=TODAY(),"中试开始（还有"&ROUNDUP(L56-TODAY(),0)&"天）","中试开始（已超期"&ROUNDUP(TODAY()-L56,0)&"天）")),IF(ISBLANK(T56),IF(AND(M56-TODAY()>=0,M56-TODAY()<=10),"⚠️ 中试结束（还有"&ROUNDUP(M56-TODAY(),0)&"天，重点关注）",IF(M56>=TODAY(),"中试结束（还有"&ROUNDUP(M56-TODAY(),0)&"天）","中试结束（已超期"&ROUNDUP(TODAY()-M56,0)&"天）")),IF(ISBLANK(U56),IF(AND(N56-TODAY()>=0,N56-TODAY()<=10),"⚠️ 批产开始（还有"&ROUNDUP(N56-TODAY(),0)&"天，重点关注）",IF(N56>=TODAY(),"批产开始（还有"&ROUNDUP(N56-TODAY(),0)&"天）","批产开始（已超期"&ROUNDUP(TODAY()-N56,0)&"天）")),IF(ISBLANK(V56),IF(AND(O56-TODAY()>=0,O56-TODAY()<=10),"⚠️ 批产结束（还有"&ROUNDUP(O56-TODAY(),0)&"天，重点关注）",IF(O56>=TODAY(),"批产结束（还有"&ROUNDUP(O56-TODAY(),0)&"天）","批产结束（已超期"&ROUNDUP(TODAY()-O56,0)&"天）")),IF(ISBLANK(W56),IF(AND(P56-TODAY()>=0,P56-TODAY()<=10),"⚠️ 上市（还有"&ROUNDUP(P56-TODAY(),0)&"天，重点关注）",IF(P56>=TODAY(),"上市（还有"&ROUNDUP(P56-TODAY(),0)&"天）","上市（已超期"&ROUNDUP(TODAY()-P56,0)&"天）")),"已完成所有阶段"))))))) -> 中试开始（还有380天）
A57: 30 | B57: 火灾报警 | E57: Addressable Input/output Module（LPCB项目） | F57: EI-N9041 | G57: 1 | H57: - | I57: - | J57: 46111 | K57: 46741 | L57: 46558 | M57: =IF((L57+IF(AJ57="高",45,30))>P57,P57-30,L57+IF(AJ57="高",45,30)) -> 46603 | N57: =P57-IF(AJ57="高",50,30) -> 46691 | O57: =P57 -> 46741 | P57: 46741 | Q57: 46111 | Y57: {=_xlfn.SWITCH(TRUE,ISNUMBER(Q57)*Q57>J57,"逾期完成",ISNUMBER(Q57),"按期完成",J57>TODAY(),"待完成","逾期未完成")} -> 按期完成 | Z57: {=_xlfn.SWITCH(TRUE,ISNUMBER(R57)*R57>K57,"逾期完成",ISNUMBER(R57),"按期完成",K57>TODAY(),"待完成","逾期未完成")} -> 待完成 | AA57: {=_xlfn.SWITCH(TRUE,ISNUMBER(S57)*S57>L57,"逾期完成",ISNUMBER(S57),"按期完成",L57>TODAY(),"待完成","逾期未完成")} -> 待完成 | AB57: {=_xlfn.SWITCH(TRUE,ISNUMBER(T57)*T57>M57,"逾期完成",ISNUMBER(T57),"按期完成",M57>TODAY(),"待完成","逾期未完成")} -> 待完成 | AC57: {=_xlfn.SWITCH(TRUE,ISNUMBER(U57)*U57>N57,"逾期完成",ISNUMBER(U57),"按期完成",N57>TODAY(),"待完成","逾期未完成")} -> 待完成 | AD57: {=_xlfn.SWITCH(TRUE,ISNUMBER(V57)*V57>O57,"逾期完成",ISNUMBER(V57),"按期完成",O57>TODAY(),"待完成","逾期未完成")} -> 待完成 | AE57: =IF(ISNUMBER(X57),"已获证","未获证") -> 未获证 | AF57: {=_xlfn.SWITCH(TRUE,ISNUMBER(W57)*W57>P57,"逾期完成",ISNUMBER(W57),"按期完成",P57>TODAY(),"待完成","逾期未完成")} -> 待完成 | AG57: 未完成 | AJ57: 高 | AK57: 潘荣誉 | AL57: 自研 | AM57: =IF(AND(OR(AB57="按期完成",AB57="逾期完成"),OR(AC57<>"待完成",AD57<>"待完成")),"批产,"&IF(OR(AC57="逾期完成",AC57="逾期未完成",AD57="逾期完成",AD57="逾期未完成"),"逾期","按期"),IF(AND(OR(Z57="按期完成",Z57="逾期完成"),OR(AA57<>"待完成",AB57<>"待完成")),"中试,"&IF(OR(AA57="逾期完成",AA57="逾期未完成",AB57="逾期完成",AB57="逾期未完成"),"逾期","按期"),IF(OR(Y57<>"待完成",Z57<>"待完成"),"送检,"&IF(OR(Y57="逾期完成",Y57="逾期未完成",Z57="逾期完成",Z57="逾期未完成"),"逾期","按期"),"未启动,未开始"))) -> 送检,按期 | AN57: =IF(OR(NOT(ISNUMBER(J57)),NOT(ISNUMBER(L57)),NOT(ISNUMBER(M57)),NOT(ISNUMBER(N57)),NOT(ISNUMBER(O57)),NOT(ISNUMBER(P57))),"暂无计划",IF(ISBLANK(Q57),IF(AND(J57-TODAY()>=0,J57-TODAY()<=10),"⚠️ 送检开始（还有"&ROUNDUP(J57-TODAY(),0)&"天，重点关注）",IF(J57>=TODAY(),"送检开始（还有"&ROUNDUP(J57-TODAY(),0)&"天）","送检开始（已超期"&ROUNDUP(TODAY()-J57,0)&"天）")),IF(ISBLANK(S57),IF(AND(L57-TODAY()>=0,L57-TODAY()<=10),"⚠️ 中试开始（还有"&ROUNDUP(L57-TODAY(),0)&"天，重点关注）",IF(L57>=TODAY(),"中试开始（还有"&ROUNDUP(L57-TODAY(),0)&"天）","中试开始（已超期"&ROUNDUP(TODAY()-L57,0)&"天）")),IF(ISBLANK(T57),IF(AND(M57-TODAY()>=0,M57-TODAY()<=10),"⚠️ 中试结束（还有"&ROUNDUP(M57-TODAY(),0)&"天，重点关注）",IF(M57>=TODAY(),"中试结束（还有"&ROUNDUP(M57-TODAY(),0)&"天）","中试结束（已超期"&ROUNDUP(TODAY()-M57,0)&"天）")),IF(ISBLANK(U57),IF(AND(N57-TODAY()>=0,N57-TODAY()<=10),"⚠️ 批产开始（还有"&ROUNDUP(N57-TODAY(),0)&"天，重点关注）",IF(N57>=TODAY(),"批产开始（还有"&ROUNDUP(N57-TODAY(),0)&"天）","批产开始（已超期"&ROUNDUP(TODAY()-N57,0)&"天）")),IF(ISBLANK(V57),IF(AND(O57-TODAY()>=0,O57-TODAY()<=10),"⚠️ 批产结束（还有"&ROUNDUP(O57-TODAY(),0)&"天，重点关注）",IF(O57>=TODAY(),"批产结束（还有"&ROUNDUP(O57-TODAY(),0)&"天）","批产结束（已超期"&ROUNDUP(TODAY()-O57,0)&"天）")),IF(ISBLANK(W57),IF(AND(P57-TODAY()>=0,P57-TODAY()<=10),"⚠️ 上市（还有"&ROUNDUP(P57-TODAY(),0)&"天，重点关注）",IF(P57>=TODAY(),"上市（还有"&ROUNDUP(P57-TODAY(),0)&"天）","上市（已超期"&ROUNDUP(TODAY()-P57,0)&"天）")),"已完成所有阶段"))))))) -> 中试开始（还有380天）
A58: 31 | B58: 火灾报警 | E58: Addressable Input/output Module（LPCB项目） | F58: EI-N9043 | G58: 1 | H58: - | I58: - | J58: 46111 | K58: 46741 | L58: 46558 | M58: =IF((L58+IF(AJ58="高",45,30))>P58,P58-30,L58+IF(AJ58="高",45,30)) -> 46603 | N58: =P58-IF(AJ58="高",50,30) -> 46691 | O58: =P58 -> 46741 | P58: 46741 | Q58: 46111 | Y58: {=_xlfn.SWITCH(TRUE,ISNUMBER(Q58)*Q58>J58,"逾期完成",ISNUMBER(Q58),"按期完成",J58>TODAY(),"待完成","逾期未完成")} -> 按期完成 | Z58: {=_xlfn.SWITCH(TRUE,ISNUMBER(R58)*R58>K58,"逾期完成",ISNUMBER(R58),"按期完成",K58>TODAY(),"待完成","逾期未完成")} -> 待完成 | AA58: {=_xlfn.SWITCH(TRUE,ISNUMBER(S58)*S58>L58,"逾期完成",ISNUMBER(S58),"按期完成",L58>TODAY(),"待完成","逾期未完成")} -> 待完成 | AB58: {=_xlfn.SWITCH(TRUE,ISNUMBER(T58)*T58>M58,"逾期完成",ISNUMBER(T58),"按期完成",M58>TODAY(),"待完成","逾期未完成")} -> 待完成 | AC58: {=_xlfn.SWITCH(TRUE,ISNUMBER(U58)*U58>N58,"逾期完成",ISNUMBER(U58),"按期完成",N58>TODAY(),"待完成","逾期未完成")} -> 待完成 | AD58: {=_xlfn.SWITCH(TRUE,ISNUMBER(V58)*V58>O58,"逾期完成",ISNUMBER(V58),"按期完成",O58>TODAY(),"待完成","逾期未完成")} -> 待完成 | AE58: =IF(ISNUMBER(X58),"已获证","未获证") -> 未获证 | AF58: {=_xlfn.SWITCH(TRUE,ISNUMBER(W58)*W58>P58,"逾期完成",ISNUMBER(W58),"按期完成",P58>TODAY(),"待完成","逾期未完成")} -> 待完成 | AG58: 未完成 | AJ58: 高 | AK58: 潘荣誉 | AL58: 自研 | AM58: =IF(AND(OR(AB58="按期完成",AB58="逾期完成"),OR(AC58<>"待完成",AD58<>"待完成")),"批产,"&IF(OR(AC58="逾期完成",AC58="逾期未完成",AD58="逾期完成",AD58="逾期未完成"),"逾期","按期"),IF(AND(OR(Z58="按期完成",Z58="逾期完成"),OR(AA58<>"待完成",AB58<>"待完成")),"中试,"&IF(OR(AA58="逾期完成",AA58="逾期未完成",AB58="逾期完成",AB58="逾期未完成"),"逾期","按期"),IF(OR(Y58<>"待完成",Z58<>"待完成"),"送检,"&IF(OR(Y58="逾期完成",Y58="逾期未完成",Z58="逾期完成",Z58="逾期未完成"),"逾期","按期"),"未启动,未开始"))) -> 送检,按期 | AN58: =IF(OR(NOT(ISNUMBER(J58)),NOT(ISNUMBER(L58)),NOT(ISNUMBER(M58)),NOT(ISNUMBER(N58)),NOT(ISNUMBER(O58)),NOT(ISNUMBER(P58))),"暂无计划",IF(ISBLANK(Q58),IF(AND(J58-TODAY()>=0,J58-TODAY()<=10),"⚠️ 送检开始（还有"&ROUNDUP(J58-TODAY(),0)&"天，重点关注）",IF(J58>=TODAY(),"送检开始（还有"&ROUNDUP(J58-TODAY(),0)&"天）","送检开始（已超期"&ROUNDUP(TODAY()-J58,0)&"天）")),IF(ISBLANK(S58),IF(AND(L58-TODAY()>=0,L58-TODAY()<=10),"⚠️ 中试开始（还有"&ROUNDUP(L58-TODAY(),0)&"天，重点关注）",IF(L58>=TODAY(),"中试开始（还有"&ROUNDUP(L58-TODAY(),0)&"天）","中试开始（已超期"&ROUNDUP(TODAY()-L58,0)&"天）")),IF(ISBLANK(T58),IF(AND(M58-TODAY()>=0,M58-TODAY()<=10),"⚠️ 中试结束（还有"&ROUNDUP(M58-TODAY(),0)&"天，重点关注）",IF(M58>=TODAY(),"中试结束（还有"&ROUNDUP(M58-TODAY(),0)&"天）","中试结束（已超期"&ROUNDUP(TODAY()-M58,0)&"天）")),IF(ISBLANK(U58),IF(AND(N58-TODAY()>=0,N58-TODAY()<=10),"⚠️ 批产开始（还有"&ROUNDUP(N58-TODAY(),0)&"天，重点关注）",IF(N58>=TODAY(),"批产开始（还有"&ROUNDUP(N58-TODAY(),0)&"天）","批产开始（已超期"&ROUNDUP(TODAY()-N58,0)&"天）")),IF(ISBLANK(V58),IF(AND(O58-TODAY()>=0,O58-TODAY()<=10),"⚠️ 批产结束（还有"&ROUNDUP(O58-TODAY(),0)&"天，重点关注）",IF(O58>=TODAY(),"批产结束（还有"&ROUNDUP(O58-TODAY(),0)&"天）","批产结束（已超期"&ROUNDUP(TODAY()-O58,0)&"天）")),IF(ISBLANK(W58),IF(AND(P58-TODAY()>=0,P58-TODAY()<=10),"⚠️ 上市（还有"&ROUNDUP(P58-TODAY(),0)&"天，重点关注）",IF(P58>=TODAY(),"上市（还有"&ROUNDUP(P58-TODAY(),0)&"天）","上市（已超期"&ROUNDUP(TODAY()-P58,0)&"天）")),"已完成所有阶段"))))))) -> 中试开始（还有380天）
A59: 32 | B59: 火灾报警 | E59: Addressable Fire Alarm Control Panel（LPCB项目） | F59: EI-P9001 | G59: 1 | H59: - | I59: - | J59: 46111 | K59: 46741 | L59: 46558 | M59: =IF((L59+IF(AJ59="高",45,30))>P59,P59-30,L59+IF(AJ59="高",45,30)) -> 46603 | N59: =P59-IF(AJ59="高",50,30) -> 46691 | O59: =P59 -> 46741 | P59: 46741 | Q59: 46111 | Y59: {=_xlfn.SWITCH(TRUE,ISNUMBER(Q59)*Q59>J59,"逾期完成",ISNUMBER(Q59),"按期完成",J59>TODAY(),"待完成","逾期未完成")} -> 按期完成 | Z59: {=_xlfn.SWITCH(TRUE,ISNUMBER(R59)*R59>K59,"逾期完成",ISNUMBER(R59),"按期完成",K59>TODAY(),"待完成","逾期未完成")} -> 待完成 | AA59: {=_xlfn.SWITCH(TRUE,ISNUMBER(S59)*S59>L59,"逾期完成",ISNUMBER(S59),"按期完成",L59>TODAY(),"待完成","逾期未完成")} -> 待完成 | AB59: {=_xlfn.SWITCH(TRUE,ISNUMBER(T59)*T59>M59,"逾期完成",ISNUMBER(T59),"按期完成",M59>TODAY(),"待完成","逾期未完成")} -> 待完成 | AC59: {=_xlfn.SWITCH(TRUE,ISNUMBER(U59)*U59>N59,"逾期完成",ISNUMBER(U59),"按期完成",N59>TODAY(),"待完成","逾期未完成")} -> 待完成 | AD59: {=_xlfn.SWITCH(TRUE,ISNUMBER(V59)*V59>O59,"逾期完成",ISNUMBER(V59),"按期完成",O59>TODAY(),"待完成","逾期未完成")} -> 待完成 | AE59: =IF(ISNUMBER(X59),"已获证","未获证") -> 未获证 | AF59: {=_xlfn.SWITCH(TRUE,ISNUMBER(W59)*W59>P59,"逾期完成",ISNUMBER(W59),"按期完成",P59>TODAY(),"待完成","逾期未完成")} -> 待完成 | AG59: 未完成 | AJ59: 高 | AK59: 王胜 | AL59: 自研 | AM59: =IF(AND(OR(AB59="按期完成",AB59="逾期完成"),OR(AC59<>"待完成",AD59<>"待完成")),"批产,"&IF(OR(AC59="逾期完成",AC59="逾期未完成",AD59="逾期完成",AD59="逾期未完成"),"逾期","按期"),IF(AND(OR(Z59="按期完成",Z59="逾期完成"),OR(AA59<>"待完成",AB59<>"待完成")),"中试,"&IF(OR(AA59="逾期完成",AA59="逾期未完成",AB59="逾期完成",AB59="逾期未完成"),"逾期","按期"),IF(OR(Y59<>"待完成",Z59<>"待完成"),"送检,"&IF(OR(Y59="逾期完成",Y59="逾期未完成",Z59="逾期完成",Z59="逾期未完成"),"逾期","按期"),"未启动,未开始"))) -> 送检,按期 | AN59: =IF(OR(NOT(ISNUMBER(J59)),NOT(ISNUMBER(L59)),NOT(ISNUMBER(M59)),NOT(ISNUMBER(N59)),NOT(ISNUMBER(O59)),NOT(ISNUMBER(P59))),"暂无计划",IF(ISBLANK(Q59),IF(AND(J59-TODAY()>=0,J59-TODAY()<=10),"⚠️ 送检开始（还有"&ROUNDUP(J59-TODAY(),0)&"天，重点关注）",IF(J59>=TODAY(),"送检开始（还有"&ROUNDUP(J59-TODAY(),0)&"天）","送检开始（已超期"&ROUNDUP(TODAY()-J59,0)&"天）")),IF(ISBLANK(S59),IF(AND(L59-TODAY()>=0,L59-TODAY()<=10),"⚠️ 中试开始（还有"&ROUNDUP(L59-TODAY(),0)&"天，重点关注）",IF(L59>=TODAY(),"中试开始（还有"&ROUNDUP(L59-TODAY(),0)&"天）","中试开始（已超期"&ROUNDUP(TODAY()-L59,0)&"天）")),IF(ISBLANK(T59),IF(AND(M59-TODAY()>=0,M59-TODAY()<=10),"⚠️ 中试结束（还有"&ROUNDUP(M59-TODAY(),0)&"天，重点关注）",IF(M59>=TODAY(),"中试结束（还有"&ROUNDUP(M59-TODAY(),0)&"天）","中试结束（已超期"&ROUNDUP(TODAY()-M59,0)&"天）")),IF(ISBLANK(U59),IF(AND(N59-TODAY()>=0,N59-TODAY()<=10),"⚠️ 批产开始（还有"&ROUNDUP(N59-TODAY(),0)&"天，重点关注）",IF(N59>=TODAY(),"批产开始（还有"&ROUNDUP(N59-TODAY(),0)&"天）","批产开始（已超期"&ROUNDUP(TODAY()-N59,0)&"天）")),IF(ISBLANK(V59),IF(AND(O59-TODAY()>=0,O59-TODAY()<=10),"⚠️ 批产结束（还有"&ROUNDUP(O59-TODAY(),0)&"天，重点关注）",IF(O59>=TODAY(),"批产结束（还有"&ROUNDUP(O59-TODAY(),0)&"天）","批产结束（已超期"&ROUNDUP(TODAY()-O59,0)&"天）")),IF(ISBLANK(W59),IF(AND(P59-TODAY()>=0,P59-TODAY()<=10),"⚠️ 上市（还有"&ROUNDUP(P59-TODAY(),0)&"天，重点关注）",IF(P59>=TODAY(),"上市（还有"&ROUNDUP(P59-TODAY(),0)&"天）","上市（已超期"&ROUNDUP(TODAY()-P59,0)&"天）")),"已完成所有阶段"))))))) -> 中试开始（还有380天）
A60: 56 | B60: 气体灭火装置 | E60: 柜式七氟丙烷气体灭火装置 | F60: GQQ-X | G60: 13 | H60: - | I60: - | J60: 46112 | K60: 46203 | L60: 46203 | M60: 46213 | N60: 46213 | O60: =P60 -> 46233 | P60: 46233 | Q60: 46111 | Y60: {=_xlfn.SWITCH(TRUE,ISNUMBER(Q60)*Q60>J60,"逾期完成",ISNUMBER(Q60),"按期完成",J60>TODAY(),"待完成","逾期未完成")} -> 按期完成 | Z60: {=_xlfn.SWITCH(TRUE,ISNUMBER(R60)*R60>K60,"逾期完成",ISNUMBER(R60),"按期完成",K60>TODAY(),"待完成","逾期未完成")} -> 待完成 | AA60: {=_xlfn.SWITCH(TRUE,ISNUMBER(S60)*S60>L60,"逾期完成",ISNUMBER(S60),"按期完成",L60>TODAY(),"待完成","逾期未完成")} -> 待完成 | AB60: {=_xlfn.SWITCH(TRUE,ISNUMBER(T60)*T60>M60,"逾期完成",ISNUMBER(T60),"按期完成",M60>TODAY(),"待完成","逾期未完成")} -> 待完成 | AC60: {=_xlfn.SWITCH(TRUE,ISNUMBER(U60)*U60>N60,"逾期完成",ISNUMBER(U60),"按期完成",N60>TODAY(),"待完成","逾期未完成")} -> 待完成 | AD60: {=_xlfn.SWITCH(TRUE,ISNUMBER(V60)*V60>O60,"逾期完成",ISNUMBER(V60),"按期完成",O60>TODAY(),"待完成","逾期未完成")} -> 待完成 | AE60: =IF(ISNUMBER(X60),"已获证","未获证") -> 未获证 | AF60: {=_xlfn.SWITCH(TRUE,ISNUMBER(W60)*W60>P60,"逾期完成",ISNUMBER(W60),"按期完成",P60>TODAY(),"待完成","逾期未完成")} -> 待完成 | AG60: 未完成 | AJ60: 低 | AK60: 赵朕波 | AL60: 合作 | AM60: =IF(AND(OR(AB60="按期完成",AB60="逾期完成"),OR(AC60<>"待完成",AD60<>"待完成")),"批产,"&IF(OR(AC60="逾期完成",AC60="逾期未完成",AD60="逾期完成",AD60="逾期未完成"),"逾期","按期"),IF(AND(OR(Z60="按期完成",Z60="逾期完成"),OR(AA60<>"待完成",AB60<>"待完成")),"中试,"&IF(OR(AA60="逾期完成",AA60="逾期未完成",AB60="逾期完成",AB60="逾期未完成"),"逾期","按期"),IF(OR(Y60<>"待完成",Z60<>"待完成"),"送检,"&IF(OR(Y60="逾期完成",Y60="逾期未完成",Z60="逾期完成",Z60="逾期未完成"),"逾期","按期"),"未启动,未开始"))) -> 送检,按期 | AN60: =IF(OR(NOT(ISNUMBER(J60)),NOT(ISNUMBER(L60)),NOT(ISNUMBER(M60)),NOT(ISNUMBER(N60)),NOT(ISNUMBER(O60)),NOT(ISNUMBER(P60))),"暂无计划",IF(ISBLANK(Q60),IF(AND(J60-TODAY()>=0,J60-TODAY()<=10),"⚠️ 送检开始（还有"&ROUNDUP(J60-TODAY(),0)&"天，重点关注）",IF(J60>=TODAY(),"送检开始（还有"&ROUNDUP(J60-TODAY(),0)&"天）","送检开始（已超期"&ROUNDUP(TODAY()-J60,0)&"天）")),IF(ISBLANK(S60),IF(AND(L60-TODAY()>=0,L60-TODAY()<=10),"⚠️ 中试开始（还有"&ROUNDUP(L60-TODAY(),0)&"天，重点关注）",IF(L60>=TODAY(),"中试开始（还有"&ROUNDUP(L60-TODAY(),0)&"天）","中试开始（已超期"&ROUNDUP(TODAY()-L60,0)&"天）")),IF(ISBLANK(T60),IF(AND(M60-TODAY()>=0,M60-TODAY()<=10),"⚠️ 中试结束（还有"&ROUNDUP(M60-TODAY(),0)&"天，重点关注）",IF(M60>=TODAY(),"中试结束（还有"&ROUNDUP(M60-TODAY(),0)&"天）","中试结束（已超期"&ROUNDUP(TODAY()-M60,0)&"天）")),IF(ISBLANK(U60),IF(AND(N60-TODAY()>=0,N60-TODAY()<=10),"⚠️ 批产开始（还有"&ROUNDUP(N60-TODAY(),0)&"天，重点关注）",IF(N60>=TODAY(),"批产开始（还有"&ROUNDUP(N60-TODAY(),0)&"天）","批产开始（已超期"&ROUNDUP(TODAY()-N60,0)&"天）")),IF(ISBLANK(V60),IF(AND(O60-TODAY()>=0,O60-TODAY()<=10),"⚠️ 批产结束（还有"&ROUNDUP(O60-TODAY(),0)&"天，重点关注）",IF(O60>=TODAY(),"批产结束（还有"&ROUNDUP(O60-TODAY(),0)&"天）","批产结束（已超期"&ROUNDUP(TODAY()-O60,0)&"天）")),IF(ISBLANK(W60),IF(AND(P60-TODAY()>=0,P60-TODAY()<=10),"⚠️ 上市（还有"&ROUNDUP(P60-TODAY(),0)&"天，重点关注）",IF(P60>=TODAY(),"上市（还有"&ROUNDUP(P60-TODAY(),0)&"天）","上市（已超期"&ROUNDUP(TODAY()-P60,0)&"天）")),"已完成所有阶段"))))))) -> 中试开始（还有25天） | AO60: 46204 | AP60: 46569
A61: 68 | B61: 火灾报警 | C61: 11002464 11002465 11002462 11002462 | E61: 95系列电压/电流信号传感器（新） | F61: J-EI9514/J-EI9512I/J-EI9532/J-EI9532I | G61: 4 | H61: 11000099 11000098 11000096 11000097 | I61: J-EI9514/J-EI9512I/J-EI9532/J-EI9532I （型号不变） | J61: 46142 | K61: 46203 | L61: 46172 | M61: 46203 | N61: 46203 | O61: =P61 -> 46233 | P61: 46233 | Q61: 46142 | S61: 46111 | Y61: {=_xlfn.SWITCH(TRUE,ISNUMBER(Q61)*Q61>J61,"逾期完成",ISNUMBER(Q61),"按期完成",J61>TODAY(),"待完成","逾期未完成")} -> 按期完成 | Z61: {=_xlfn.SWITCH(TRUE,ISNUMBER(R61)*R61>K61,"逾期完成",ISNUMBER(R61),"按期完成",K61>TODAY(),"待完成","逾期未完成")} -> 待完成 | AA61: {=_xlfn.SWITCH(TRUE,ISNUMBER(S61)*S61>L61,"逾期完成",ISNUMBER(S61),"按期完成",L61>TODAY(),"待完成","逾期未完成")} -> 按期完成 | AB61: {=_xlfn.SWITCH(TRUE,ISNUMBER(T61)*T61>M61,"逾期完成",ISNUMBER(T61),"按期完成",M61>TODAY(),"待完成","逾期未完成")} -> 待完成 | AC61: {=_xlfn.SWITCH(TRUE,ISNUMBER(U61)*U61>N61,"逾期完成",ISNUMBER(U61),"按期完成",N61>TODAY(),"待完成","逾期未完成")} -> 待完成 | AD61: {=_xlfn.SWITCH(TRUE,ISNUMBER(V61)*V61>O61,"逾期完成",ISNUMBER(V61),"按期完成",O61>TODAY(),"待完成","逾期未完成")} -> 待完成 | AE61: =IF(ISNUMBER(X61),"已获证","未获证") -> 未获证 | AF61: {=_xlfn.SWITCH(TRUE,ISNUMBER(W61)*W61>P61,"逾期完成",ISNUMBER(W61),"按期完成",P61>TODAY(),"待完成","逾期未完成")} -> 待完成 | AG61: 未完成 | AJ61: 低 | AK61: 靳超/吴高红 | AL61: 自研 | AM61: =IF(AND(OR(AB61="按期完成",AB61="逾期完成"),OR(AC61<>"待完成",AD61<>"待完成")),"批产,"&IF(OR(AC61="逾期完成",AC61="逾期未完成",AD61="逾期完成",AD61="逾期未完成"),"逾期","按期"),IF(AND(OR(Z61="按期完成",Z61="逾期完成"),OR(AA61<>"待完成",AB61<>"待完成")),"中试,"&IF(OR(AA61="逾期完成",AA61="逾期未完成",AB61="逾期完成",AB61="逾期未完成"),"逾期","按期"),IF(OR(Y61<>"待完成",Z61<>"待完成"),"送检,"&IF(OR(Y61="逾期完成",Y61="逾期未完成",Z61="逾期完成",Z61="逾期未完成"),"逾期","按期"),"未启动,未开始"))) -> 送检,按期 | AN61: =IF(OR(NOT(ISNUMBER(J61)),NOT(ISNUMBER(L61)),NOT(ISNUMBER(M61)),NOT(ISNUMBER(N61)),NOT(ISNUMBER(O61)),NOT(ISNUMBER(P61))),"暂无计划",IF(ISBLANK(Q61),IF(AND(J61-TODAY()>=0,J61-TODAY()<=10),"⚠️ 送检开始（还有"&ROUNDUP(J61-TODAY(),0)&"天，重点关注）",IF(J61>=TODAY(),"送检开始（还有"&ROUNDUP(J61-TODAY(),0)&"天）","送检开始（已超期"&ROUNDUP(TODAY()-J61,0)&"天）")),IF(ISBLANK(S61),IF(AND(L61-TODAY()>=0,L61-TODAY()<=10),"⚠️ 中试开始（还有"&ROUNDUP(L61-TODAY(),0)&"天，重点关注）",IF(L61>=TODAY(),"中试开始（还有"&ROUNDUP(L61-TODAY(),0)&"天）","中试开始（已超期"&ROUNDUP(TODAY()-L61,0)&"天）")),IF(ISBLANK(T61),IF(AND(M61-TODAY()>=0,M61-TODAY()<=10),"⚠️ 中试结束（还有"&ROUNDUP(M61-TODAY(),0)&"天，重点关注）",IF(M61>=TODAY(),"中试结束（还有"&ROUNDUP(M61-TODAY(),0)&"天）","中试结束（已超期"&ROUNDUP(TODAY()-M61,0)&"天）")),IF(ISBLANK(U61),IF(AND(N61-TODAY()>=0,N61-TODAY()<=10),"⚠️ 批产开始（还有"&ROUNDUP(N61-TODAY(),0)&"天，重点关注）",IF(N61>=TODAY(),"批产开始（还有"&ROUNDUP(N61-TODAY(),0)&"天）","批产开始（已超期"&ROUNDUP(TODAY()-N61,0)&"天）")),IF(ISBLANK(V61),IF(AND(O61-TODAY()>=0,O61-TODAY()<=10),"⚠️ 批产结束（还有"&ROUNDUP(O61-TODAY(),0)&"天，重点关注）",IF(O61>=TODAY(),"批产结束（还有"&ROUNDUP(O61-TODAY(),0)&"天）","批产结束（已超期"&ROUNDUP(TODAY()-O61,0)&"天）")),IF(ISBLANK(W61),IF(AND(P61-TODAY()>=0,P61-TODAY()<=10),"⚠️ 上市（还有"&ROUNDUP(P61-TODAY(),0)&"天，重点关注）",IF(P61>=TODAY(),"上市（还有"&ROUNDUP(P61-TODAY(),0)&"天）","上市（已超期"&ROUNDUP(TODAY()-P61,0)&"天）")),"已完成所有阶段"))))))) -> 中试结束（还有25天）
A62: 74 | B62: 火灾报警 | C62: 10200455 | E62: 家用可燃气体探测器 | F62: JT-EIH98 | G62: 1 | H62: - | I62: - | J62: 46142 | K62: 46203 | L62: =MAX(J62,Q62)+30 -> 46172 | M62: =IF((L62+IF(AJ46="高",45,30))>P62,P62-30,L62+IF(AJ46="高",45,30)) -> 46183 | N62: =M62 -> 46183 | O62: =P62 -> 46213 | P62: 46213 | Q62: 46132 | Y62: {=_xlfn.SWITCH(TRUE,ISNUMBER(Q62)*Q62>J62,"逾期完成",ISNUMBER(Q62),"按期完成",J62>TODAY(),"待完成","逾期未完成")} -> 按期完成 | Z62: {=_xlfn.SWITCH(TRUE,ISNUMBER(R62)*R62>K62,"逾期完成",ISNUMBER(R62),"按期完成",K62>TODAY(),"待完成","逾期未完成")} -> 待完成 | AA62: {=_xlfn.SWITCH(TRUE,ISNUMBER(S62)*S62>L62,"逾期完成",ISNUMBER(S62),"按期完成",L62>TODAY(),"待完成","逾期未完成")} -> 逾期未完成 | AB62: {=_xlfn.SWITCH(TRUE,ISNUMBER(T62)*T62>M62,"逾期完成",ISNUMBER(T62),"按期完成",M62>TODAY(),"待完成","逾期未完成")} -> 待完成 | AC62: {=_xlfn.SWITCH(TRUE,ISNUMBER(U62)*U62>N62,"逾期完成",ISNUMBER(U62),"按期完成",N62>TODAY(),"待完成","逾期未完成")} -> 待完成 | AD62: {=_xlfn.SWITCH(TRUE,ISNUMBER(V62)*V62>O62,"逾期完成",ISNUMBER(V62),"按期完成",O62>TODAY(),"待完成","逾期未完成")} -> 待完成 | AE62: =IF(ISNUMBER(X62),"已获证","未获证") -> 未获证 | AF62: {=_xlfn.SWITCH(TRUE,ISNUMBER(W62)*W62>P62,"逾期完成",ISNUMBER(W62),"按期完成",P62>TODAY(),"待完成","逾期未完成")} -> 待完成 | AG62: 未完成 | AJ62: 低 | AK62: 赵通 | AL62: 自研 | AM62: =IF(AND(OR(AB62="按期完成",AB62="逾期完成"),OR(AC62<>"待完成",AD62<>"待完成")),"批产,"&IF(OR(AC62="逾期完成",AC62="逾期未完成",AD62="逾期完成",AD62="逾期未完成"),"逾期","按期"),IF(AND(OR(Z62="按期完成",Z62="逾期完成"),OR(AA62<>"待完成",AB62<>"待完成")),"中试,"&IF(OR(AA62="逾期完成",AA62="逾期未完成",AB62="逾期完成",AB62="逾期未完成"),"逾期","按期"),IF(OR(Y62<>"待完成",Z62<>"待完成"),"送检,"&IF(OR(Y62="逾期完成",Y62="逾期未完成",Z62="逾期完成",Z62="逾期未完成"),"逾期","按期"),"未启动,未开始"))) -> 送检,按期 | AN62: =IF(OR(NOT(ISNUMBER(J62)),NOT(ISNUMBER(L62)),NOT(ISNUMBER(M62)),NOT(ISNUMBER(N62)),NOT(ISNUMBER(O62)),NOT(ISNUMBER(P62))),"暂无计划",IF(ISBLANK(Q62),IF(AND(J62-TODAY()>=0,J62-TODAY()<=10),"⚠️ 送检开始（还有"&ROUNDUP(J62-TODAY(),0)&"天，重点关注）",IF(J62>=TODAY(),"送检开始（还有"&ROUNDUP(J62-TODAY(),0)&"天）","送检开始（已超期"&ROUNDUP(TODAY()-J62,0)&"天）")),IF(ISBLANK(S62),IF(AND(L62-TODAY()>=0,L62-TODAY()<=10),"⚠️ 中试开始（还有"&ROUNDUP(L62-TODAY(),0)&"天，重点关注）",IF(L62>=TODAY(),"中试开始（还有"&ROUNDUP(L62-TODAY(),0)&"天）","中试开始（已超期"&ROUNDUP(TODAY()-L62,0)&"天）")),IF(ISBLANK(T62),IF(AND(M62-TODAY()>=0,M62-TODAY()<=10),"⚠️ 中试结束（还有"&ROUNDUP(M62-TODAY(),0)&"天，重点关注）",IF(M62>=TODAY(),"中试结束（还有"&ROUNDUP(M62-TODAY(),0)&"天）","中试结束（已超期"&ROUNDUP(TODAY()-M62,0)&"天）")),IF(ISBLANK(U62),IF(AND(N62-TODAY()>=0,N62-TODAY()<=10),"⚠️ 批产开始（还有"&ROUNDUP(N62-TODAY(),0)&"天，重点关注）",IF(N62>=TODAY(),"批产开始（还有"&ROUNDUP(N62-TODAY(),0)&"天）","批产开始（已超期"&ROUNDUP(TODAY()-N62,0)&"天）")),IF(ISBLANK(V62),IF(AND(O62-TODAY()>=0,O62-TODAY()<=10),"⚠️ 批产结束（还有"&ROUNDUP(O62-TODAY(),0)&"天，重点关注）",IF(O62>=TODAY(),"批产结束（还有"&ROUNDUP(O62-TODAY(),0)&"天）","批产结束（已超期"&ROUNDUP(TODAY()-O62,0)&"天）")),IF(ISBLANK(W62),IF(AND(P62-TODAY()>=0,P62-TODAY()<=10),"⚠️ 上市（还有"&ROUNDUP(P62-TODAY(),0)&"天，重点关注）",IF(P62>=TODAY(),"上市（还有"&ROUNDUP(P62-TODAY(),0)&"天）","上市（已超期"&ROUNDUP(TODAY()-P62,0)&"天）")),"已完成所有阶段"))))))) -> 中试开始（已超期6天） | AO62: 46600 | AP62: 46966
A63: 76 | B63: 火灾报警 | E63: 消防控制室图形显示装置 | F63: EI-N94 | G63: 1 | I63: 定位高端款（鸿蒙系统），替代EI-8402、8402A， 和EI-9400共存 | J63: 46142 | K63: =(MAX(J63,Q63)+75) -> 46217 | L63: =MAX(J63,Q63)+50 -> 46192 | M63: =IF((L63+IF(AJ47="高",45,30))>P63,P63-30,L63+IF(AJ47="高",45,30)) -> 46222 | N63: =M63 -> 46222 | O63: =P63 -> 46275 | P63: 46275 | Q63: 46141 | Y63: {=_xlfn.SWITCH(TRUE,ISNUMBER(Q63)*Q63>J63,"逾期完成",ISNUMBER(Q63),"按期完成",J63>TODAY(),"待完成","逾期未完成")} -> 按期完成 | Z63: {=_xlfn.SWITCH(TRUE,ISNUMBER(R63)*R63>K63,"逾期完成",ISNUMBER(R63),"按期完成",K63>TODAY(),"待完成","逾期未完成")} -> 待完成 | AA63: {=_xlfn.SWITCH(TRUE,ISNUMBER(S63)*S63>L63,"逾期完成",ISNUMBER(S63),"按期完成",L63>TODAY(),"待完成","逾期未完成")} -> 待完成 | AB63: {=_xlfn.SWITCH(TRUE,ISNUMBER(T63)*T63>M63,"逾期完成",ISNUMBER(T63),"按期完成",M63>TODAY(),"待完成","逾期未完成")} -> 待完成 | AC63: {=_xlfn.SWITCH(TRUE,ISNUMBER(U63)*U63>N63,"逾期完成",ISNUMBER(U63),"按期完成",N63>TODAY(),"待完成","逾期未完成")} -> 待完成 | AD63: {=_xlfn.SWITCH(TRUE,ISNUMBER(V63)*V63>O63,"逾期完成",ISNUMBER(V63),"按期完成",O63>TODAY(),"待完成","逾期未完成")} -> 待完成 | AE63: =IF(ISNUMBER(X63),"已获证","未获证") -> 未获证 | AF63: {=_xlfn.SWITCH(TRUE,ISNUMBER(W63)*W63>P63,"逾期完成",ISNUMBER(W63),"按期完成",P63>TODAY(),"待完成","逾期未完成")} -> 待完成 | AG63: 未完成 | AJ63: 高 | AK63: 唐文杰 | AM63: =IF(AND(OR(AB63="按期完成",AB63="逾期完成"),OR(AC63<>"待完成",AD63<>"待完成")),"批产,"&IF(OR(AC63="逾期完成",AC63="逾期未完成",AD63="逾期完成",AD63="逾期未完成"),"逾期","按期"),IF(AND(OR(Z63="按期完成",Z63="逾期完成"),OR(AA63<>"待完成",AB63<>"待完成")),"中试,"&IF(OR(AA63="逾期完成",AA63="逾期未完成",AB63="逾期完成",AB63="逾期未完成"),"逾期","按期"),IF(OR(Y63<>"待完成",Z63<>"待完成"),"送检,"&IF(OR(Y63="逾期完成",Y63="逾期未完成",Z63="逾期完成",Z63="逾期未完成"),"逾期","按期"),"未启动,未开始"))) -> 送检,按期 | AN63: =IF(OR(NOT(ISNUMBER(J63)),NOT(ISNUMBER(L63)),NOT(ISNUMBER(M63)),NOT(ISNUMBER(N63)),NOT(ISNUMBER(O63)),NOT(ISNUMBER(P63))),"暂无计划",IF(ISBLANK(Q63),IF(AND(J63-TODAY()>=0,J63-TODAY()<=10),"⚠️ 送检开始（还有"&ROUNDUP(J63-TODAY(),0)&"天，重点关注）",IF(J63>=TODAY(),"送检开始（还有"&ROUNDUP(J63-TODAY(),0)&"天）","送检开始（已超期"&ROUNDUP(TODAY()-J63,0)&"天）")),IF(ISBLANK(S63),IF(AND(L63-TODAY()>=0,L63-TODAY()<=10),"⚠️ 中试开始（还有"&ROUNDUP(L63-TODAY(),0)&"天，重点关注）",IF(L63>=TODAY(),"中试开始（还有"&ROUNDUP(L63-TODAY(),0)&"天）","中试开始（已超期"&ROUNDUP(TODAY()-L63,0)&"天）")),IF(ISBLANK(T63),IF(AND(M63-TODAY()>=0,M63-TODAY()<=10),"⚠️ 中试结束（还有"&ROUNDUP(M63-TODAY(),0)&"天，重点关注）",IF(M63>=TODAY(),"中试结束（还有"&ROUNDUP(M63-TODAY(),0)&"天）","中试结束（已超期"&ROUNDUP(TODAY()-M63,0)&"天）")),IF(ISBLANK(U63),IF(AND(N63-TODAY()>=0,N63-TODAY()<=10),"⚠️ 批产开始（还有"&ROUNDUP(N63-TODAY(),0)&"天，重点关注）",IF(N63>=TODAY(),"批产开始（还有"&ROUNDUP(N63-TODAY(),0)&"天）","批产开始（已超期"&ROUNDUP(TODAY()-N63,0)&"天）")),IF(ISBLANK(V63),IF(AND(O63-TODAY()>=0,O63-TODAY()<=10),"⚠️ 批产结束（还有"&ROUNDUP(O63-TODAY(),0)&"天，重点关注）",IF(O63>=TODAY(),"批产结束（还有"&ROUNDUP(O63-TODAY(),0)&"天）","批产结束（已超期"&ROUNDUP(TODAY()-O63,0)&"天）")),IF(ISBLANK(W63),IF(AND(P63-TODAY()>=0,P63-TODAY()<=10),"⚠️ 上市（还有"&ROUNDUP(P63-TODAY(),0)&"天，重点关注）",IF(P63>=TODAY(),"上市（还有"&ROUNDUP(P63-TODAY(),0)&"天）","上市（已超期"&ROUNDUP(TODAY()-P63,0)&"天）")),"已完成所有阶段"))))))) -> 中试开始（还有14天）
A64: 69 | B64: 工业消防 | E64: JTG-IR3-EI302Ex点型红外火焰探测器 | F64: JTG-IR3-EI302Ex（替代中科永安款） | G64: 1 | H64: 19902046 | I64: JTG-IR3-EI301Ex | J64: 46142 | K64: 46233 | L64: 46203 | M64: 46254 | N64: 46264 | O64: 46295 | P64: 46295 | Y64: {=_xlfn.SWITCH(TRUE,ISNUMBER(Q64)*Q64>J64,"逾期完成",ISNUMBER(Q64),"按期完成",J64>TODAY(),"待完成","逾期未完成")} -> 逾期未完成 | Z64: {=_xlfn.SWITCH(TRUE,ISNUMBER(R64)*R64>K64,"逾期完成",ISNUMBER(R64),"按期完成",K64>TODAY(),"待完成","逾期未完成")} -> 待完成 | AA64: {=_xlfn.SWITCH(TRUE,ISNUMBER(S64)*S64>L64,"逾期完成",ISNUMBER(S64),"按期完成",L64>TODAY(),"待完成","逾期未完成")} -> 待完成 | AB64: {=_xlfn.SWITCH(TRUE,ISNUMBER(T64)*T64>M64,"逾期完成",ISNUMBER(T64),"按期完成",M64>TODAY(),"待完成","逾期未完成")} -> 待完成 | AC64: {=_xlfn.SWITCH(TRUE,ISNUMBER(U64)*U64>N64,"逾期完成",ISNUMBER(U64),"按期完成",N64>TODAY(),"待完成","逾期未完成")} -> 待完成 | AD64: {=_xlfn.SWITCH(TRUE,ISNUMBER(V64)*V64>O64,"逾期完成",ISNUMBER(V64),"按期完成",O64>TODAY(),"待完成","逾期未完成")} -> 待完成 | AE64: =IF(ISNUMBER(X64),"已获证","未获证") -> 未获证 | AF64: {=_xlfn.SWITCH(TRUE,ISNUMBER(W64)*W64>P64,"逾期完成",ISNUMBER(W64),"按期完成",P64>TODAY(),"待完成","逾期未完成")} -> 待完成 | AG64: 未完成 | AI64: 待评审（涉及7月新标发布），替代中科永安，送检时间按实际受理时间定 | AJ64: 高 | AK64: 杨大雨 | AL64: 自研 | AM64: =IF(AND(OR(AB64="按期完成",AB64="逾期完成"),OR(AC64<>"待完成",AD64<>"待完成")),"批产,"&IF(OR(AC64="逾期完成",AC64="逾期未完成",AD64="逾期完成",AD64="逾期未完成"),"逾期","按期"),IF(AND(OR(Z64="按期完成",Z64="逾期完成"),OR(AA64<>"待完成",AB64<>"待完成")),"中试,"&IF(OR(AA64="逾期完成",AA64="逾期未完成",AB64="逾期完成",AB64="逾期未完成"),"逾期","按期"),IF(OR(Y64<>"待完成",Z64<>"待完成"),"送检,"&IF(OR(Y64="逾期完成",Y64="逾期未完成",Z64="逾期完成",Z64="逾期未完成"),"逾期","按期"),"未启动,未开始"))) -> 送检,逾期 | AN64: =IF(OR(NOT(ISNUMBER(J64)),NOT(ISNUMBER(L64)),NOT(ISNUMBER(M64)),NOT(ISNUMBER(N64)),NOT(ISNUMBER(O64)),NOT(ISNUMBER(P64))),"暂无计划",IF(ISBLANK(Q64),IF(AND(J64-TODAY()>=0,J64-TODAY()<=10),"⚠️ 送检开始（还有"&ROUNDUP(J64-TODAY(),0)&"天，重点关注）",IF(J64>=TODAY(),"送检开始（还有"&ROUNDUP(J64-TODAY(),0)&"天）","送检开始（已超期"&ROUNDUP(TODAY()-J64,0)&"天）")),IF(ISBLANK(S64),IF(AND(L64-TODAY()>=0,L64-TODAY()<=10),"⚠️ 中试开始（还有"&ROUNDUP(L64-TODAY(),0)&"天，重点关注）",IF(L64>=TODAY(),"中试开始（还有"&ROUNDUP(L64-TODAY(),0)&"天）","中试开始（已超期"&ROUNDUP(TODAY()-L64,0)&"天）")),IF(ISBLANK(T64),IF(AND(M64-TODAY()>=0,M64-TODAY()<=10),"⚠️ 中试结束（还有"&ROUNDUP(M64-TODAY(),0)&"天，重点关注）",IF(M64>=TODAY(),"中试结束（还有"&ROUNDUP(M64-TODAY(),0)&"天）","中试结束（已超期"&ROUNDUP(TODAY()-M64,0)&"天）")),IF(ISBLANK(U64),IF(AND(N64-TODAY()>=0,N64-TODAY()<=10),"⚠️ 批产开始（还有"&ROUNDUP(N64-TODAY(),0)&"天，重点关注）",IF(N64>=TODAY(),"批产开始（还有"&ROUNDUP(N64-TODAY(),0)&"天）","批产开始（已超期"&ROUNDUP(TODAY()-N64,0)&"天）")),IF(ISBLANK(V64),IF(AND(O64-TODAY()>=0,O64-TODAY()<=10),"⚠️ 批产结束（还有"&ROUNDUP(O64-TODAY(),0)&"天，重点关注）",IF(O64>=TODAY(),"批产结束（还有"&ROUNDUP(O64-TODAY(),0)&"天）","批产结束（已超期"&ROUNDUP(TODAY()-O64,0)&"天）")),IF(ISBLANK(W64),IF(AND(P64-TODAY()>=0,P64-TODAY()<=10),"⚠️ 上市（还有"&ROUNDUP(P64-TODAY(),0)&"天，重点关注）",IF(P64>=TODAY(),"上市（还有"&ROUNDUP(P64-TODAY(),0)&"天）","上市（已超期"&ROUNDUP(TODAY()-P64,0)&"天）")),"已完成所有阶段"))))))) -> 送检开始（已超期36天） | AO64: 46327 | AP64: 46692
A65: 70 | B65: 工业消防 | E65: JTG-IR2U-EI303Ex点型红外火焰探测器 | F65: JTG-IR2U-EI303Ex（替代中科永安款） | G65: 1 | H65: 19902044 | I65: JTG-IR2U-EI301Ex | J65: 46142 | K65: 46233 | L65: 46203 | M65: 46254 | N65: 46264 | O65: 46295 | P65: 46295 | Y65: {=_xlfn.SWITCH(TRUE,ISNUMBER(Q65)*Q65>J65,"逾期完成",ISNUMBER(Q65),"按期完成",J65>TODAY(),"待完成","逾期未完成")} -> 逾期未完成 | Z65: {=_xlfn.SWITCH(TRUE,ISNUMBER(R65)*R65>K65,"逾期完成",ISNUMBER(R65),"按期完成",K65>TODAY(),"待完成","逾期未完成")} -> 待完成 | AA65: {=_xlfn.SWITCH(TRUE,ISNUMBER(S65)*S65>L65,"逾期完成",ISNUMBER(S65),"按期完成",L65>TODAY(),"待完成","逾期未完成")} -> 待完成 | AB65: {=_xlfn.SWITCH(TRUE,ISNUMBER(T65)*T65>M65,"逾期完成",ISNUMBER(T65),"按期完成",M65>TODAY(),"待完成","逾期未完成")} -> 待完成 | AC65: {=_xlfn.SWITCH(TRUE,ISNUMBER(U65)*U65>N65,"逾期完成",ISNUMBER(U65),"按期完成",N65>TODAY(),"待完成","逾期未完成")} -> 待完成 | AD65: {=_xlfn.SWITCH(TRUE,ISNUMBER(V65)*V65>O65,"逾期完成",ISNUMBER(V65),"按期完成",O65>TODAY(),"待完成","逾期未完成")} -> 待完成 | AE65: =IF(ISNUMBER(X65),"已获证","未获证") -> 未获证 | AF65: {=_xlfn.SWITCH(TRUE,ISNUMBER(W65)*W65>P65,"逾期完成",ISNUMBER(W65),"按期完成",P65>TODAY(),"待完成","逾期未完成")} -> 待完成 | AG65: 未完成 | AI65: 待评审（涉及7月新标发布），替代中科永安，送检时间按实际受理时间定 | AJ65: 高 | AK65: 杨大雨 | AL65: 自研 | AM65: =IF(AND(OR(AB65="按期完成",AB65="逾期完成"),OR(AC65<>"待完成",AD65<>"待完成")),"批产,"&IF(OR(AC65="逾期完成",AC65="逾期未完成",AD65="逾期完成",AD65="逾期未完成"),"逾期","按期"),IF(AND(OR(Z65="按期完成",Z65="逾期完成"),OR(AA65<>"待完成",AB65<>"待完成")),"中试,"&IF(OR(AA65="逾期完成",AA65="逾期未完成",AB65="逾期完成",AB65="逾期未完成"),"逾期","按期"),IF(OR(Y65<>"待完成",Z65<>"待完成"),"送检,"&IF(OR(Y65="逾期完成",Y65="逾期未完成",Z65="逾期完成",Z65="逾期未完成"),"逾期","按期"),"未启动,未开始"))) -> 送检,逾期 | AN65: =IF(OR(NOT(ISNUMBER(J65)),NOT(ISNUMBER(L65)),NOT(ISNUMBER(M65)),NOT(ISNUMBER(N65)),NOT(ISNUMBER(O65)),NOT(ISNUMBER(P65))),"暂无计划",IF(ISBLANK(Q65),IF(AND(J65-TODAY()>=0,J65-TODAY()<=10),"⚠️ 送检开始（还有"&ROUNDUP(J65-TODAY(),0)&"天，重点关注）",IF(J65>=TODAY(),"送检开始（还有"&ROUNDUP(J65-TODAY(),0)&"天）","送检开始（已超期"&ROUNDUP(TODAY()-J65,0)&"天）")),IF(ISBLANK(S65),IF(AND(L65-TODAY()>=0,L65-TODAY()<=10),"⚠️ 中试开始（还有"&ROUNDUP(L65-TODAY(),0)&"天，重点关注）",IF(L65>=TODAY(),"中试开始（还有"&ROUNDUP(L65-TODAY(),0)&"天）","中试开始（已超期"&ROUNDUP(TODAY()-L65,0)&"天）")),IF(ISBLANK(T65),IF(AND(M65-TODAY()>=0,M65-TODAY()<=10),"⚠️ 中试结束（还有"&ROUNDUP(M65-TODAY(),0)&"天，重点关注）",IF(M65>=TODAY(),"中试结束（还有"&ROUNDUP(M65-TODAY(),0)&"天）","中试结束（已超期"&ROUNDUP(TODAY()-M65,0)&"天）")),IF(ISBLANK(U65),IF(AND(N65-TODAY()>=0,N65-TODAY()<=10),"⚠️ 批产开始（还有"&ROUNDUP(N65-TODAY(),0)&"天，重点关注）",IF(N65>=TODAY(),"批产开始（还有"&ROUNDUP(N65-TODAY(),0)&"天）","批产开始（已超期"&ROUNDUP(TODAY()-N65,0)&"天）")),IF(ISBLANK(V65),IF(AND(O65-TODAY()>=0,O65-TODAY()<=10),"⚠️ 批产结束（还有"&ROUNDUP(O65-TODAY(),0)&"天，重点关注）",IF(O65>=TODAY(),"批产结束（还有"&ROUNDUP(O65-TODAY(),0)&"天）","批产结束（已超期"&ROUNDUP(TODAY()-O65,0)&"天）")),IF(ISBLANK(W65),IF(AND(P65-TODAY()>=0,P65-TODAY()<=10),"⚠️ 上市（还有"&ROUNDUP(P65-TODAY(),0)&"天，重点关注）",IF(P65>=TODAY(),"上市（还有"&ROUNDUP(P65-TODAY(),0)&"天）","上市（已超期"&ROUNDUP(TODAY()-P65,0)&"天）")),"已完成所有阶段"))))))) -> 送检开始（已超期36天） | AO65: 46327 | AP65: 46692
A66: 71 | B66: 工业消防 | E66: JTG-IR3U-EI304Ex点型红外火焰探测器 | F66: JTG-IR3U-EI304Ex（替代中科永安款） | G66: 1 | H66: 19902045 | I66: JTG-IR3U-EI301EX | J66: 46142 | K66: 46233 | L66: 46203 | M66: 46254 | N66: 46264 | O66: 46295 | P66: 46295 | Y66: {=_xlfn.SWITCH(TRUE,ISNUMBER(Q66)*Q66>J66,"逾期完成",ISNUMBER(Q66),"按期完成",J66>TODAY(),"待完成","逾期未完成")} -> 逾期未完成 | Z66: {=_xlfn.SWITCH(TRUE,ISNUMBER(R66)*R66>K66,"逾期完成",ISNUMBER(R66),"按期完成",K66>TODAY(),"待完成","逾期未完成")} -> 待完成 | AA66: {=_xlfn.SWITCH(TRUE,ISNUMBER(S66)*S66>L66,"逾期完成",ISNUMBER(S66),"按期完成",L66>TODAY(),"待完成","逾期未完成")} -> 待完成 | AB66: {=_xlfn.SWITCH(TRUE,ISNUMBER(T66)*T66>M66,"逾期完成",ISNUMBER(T66),"按期完成",M66>TODAY(),"待完成","逾期未完成")} -> 待完成 | AC66: {=_xlfn.SWITCH(TRUE,ISNUMBER(U66)*U66>N66,"逾期完成",ISNUMBER(U66),"按期完成",N66>TODAY(),"待完成","逾期未完成")} -> 待完成 | AD66: {=_xlfn.SWITCH(TRUE,ISNUMBER(V66)*V66>O66,"逾期完成",ISNUMBER(V66),"按期完成",O66>TODAY(),"待完成","逾期未完成")} -> 待完成 | AE66: =IF(ISNUMBER(X66),"已获证","未获证") -> 未获证 | AF66: {=_xlfn.SWITCH(TRUE,ISNUMBER(W66)*W66>P66,"逾期完成",ISNUMBER(W66),"按期完成",P66>TODAY(),"待完成","逾期未完成")} -> 待完成 | AG66: 未完成 | AI66: 待评审（涉及7月新标发布），替代中科永安，送检时间按实际受理时间定 | AJ66: 高 | AK66: 杨大雨 | AL66: 自研 | AM66: =IF(AND(OR(AB66="按期完成",AB66="逾期完成"),OR(AC66<>"待完成",AD66<>"待完成")),"批产,"&IF(OR(AC66="逾期完成",AC66="逾期未完成",AD66="逾期完成",AD66="逾期未完成"),"逾期","按期"),IF(AND(OR(Z66="按期完成",Z66="逾期完成"),OR(AA66<>"待完成",AB66<>"待完成")),"中试,"&IF(OR(AA66="逾期完成",AA66="逾期未完成",AB66="逾期完成",AB66="逾期未完成"),"逾期","按期"),IF(OR(Y66<>"待完成",Z66<>"待完成"),"送检,"&IF(OR(Y66="逾期完成",Y66="逾期未完成",Z66="逾期完成",Z66="逾期未完成"),"逾期","按期"),"未启动,未开始"))) -> 送检,逾期 | AN66: =IF(OR(NOT(ISNUMBER(J66)),NOT(ISNUMBER(L66)),NOT(ISNUMBER(M66)),NOT(ISNUMBER(N66)),NOT(ISNUMBER(O66)),NOT(ISNUMBER(P66))),"暂无计划",IF(ISBLANK(Q66),IF(AND(J66-TODAY()>=0,J66-TODAY()<=10),"⚠️ 送检开始（还有"&ROUNDUP(J66-TODAY(),0)&"天，重点关注）",IF(J66>=TODAY(),"送检开始（还有"&ROUNDUP(J66-TODAY(),0)&"天）","送检开始（已超期"&ROUNDUP(TODAY()-J66,0)&"天）")),IF(ISBLANK(S66),IF(AND(L66-TODAY()>=0,L66-TODAY()<=10),"⚠️ 中试开始（还有"&ROUNDUP(L66-TODAY(),0)&"天，重点关注）",IF(L66>=TODAY(),"中试开始（还有"&ROUNDUP(L66-TODAY(),0)&"天）","中试开始（已超期"&ROUNDUP(TODAY()-L66,0)&"天）")),IF(ISBLANK(T66),IF(AND(M66-TODAY()>=0,M66-TODAY()<=10),"⚠️ 中试结束（还有"&ROUNDUP(M66-TODAY(),0)&"天，重点关注）",IF(M66>=TODAY(),"中试结束（还有"&ROUNDUP(M66-TODAY(),0)&"天）","中试结束（已超期"&ROUNDUP(TODAY()-M66,0)&"天）")),IF(ISBLANK(U66),IF(AND(N66-TODAY()>=0,N66-TODAY()<=10),"⚠️ 批产开始（还有"&ROUNDUP(N66-TODAY(),0)&"天，重点关注）",IF(N66>=TODAY(),"批产开始（还有"&ROUNDUP(N66-TODAY(),0)&"天）","批产开始（已超期"&ROUNDUP(TODAY()-N66,0)&"天）")),IF(ISBLANK(V66),IF(AND(O66-TODAY()>=0,O66-TODAY()<=10),"⚠️ 批产结束（还有"&ROUNDUP(O66-TODAY(),0)&"天，重点关注）",IF(O66>=TODAY(),"批产结束（还有"&ROUNDUP(O66-TODAY(),0)&"天）","批产结束（已超期"&ROUNDUP(TODAY()-O66,0)&"天）")),IF(ISBLANK(W66),IF(AND(P66-TODAY()>=0,P66-TODAY()<=10),"⚠️ 上市（还有"&ROUNDUP(P66-TODAY(),0)&"天，重点关注）",IF(P66>=TODAY(),"上市（还有"&ROUNDUP(P66-TODAY(),0)&"天）","上市（已超期"&ROUNDUP(TODAY()-P66,0)&"天）")),"已完成所有阶段"))))))) -> 送检开始（已超期36天） | AO66: 46327 | AP66: 46692
A67: 80 | B67: 智能疏散 | E67: Ⅲ型标志灯具 | F67: EI-BZ-ACJ(E2ⅢL/R)-C等 | G67: 11 | H67: - | I67: - | J67: 46162 | K67: 46254 | L67: 46203 | M67: =IF((L67+IF(AJ67="高",45,30))>P67,P67-30,L67+IF(AJ67="高",45,30)) -> 46233 | N67: =P67-IF(AJ67="高",50,30) -> 46235 | O67: =P67 -> 46265 | P67: 46265 | Q67: 46142 | Y67: {=_xlfn.SWITCH(TRUE,ISNUMBER(Q67)*Q67>J67,"逾期完成",ISNUMBER(Q67),"按期完成",J67>TODAY(),"待完成","逾期未完成")} -> 按期完成 | Z67: {=_xlfn.SWITCH(TRUE,ISNUMBER(R67)*R67>K67,"逾期完成",ISNUMBER(R67),"按期完成",K67>TODAY(),"待完成","逾期未完成")} -> 待完成 | AA67: {=_xlfn.SWITCH(TRUE,ISNUMBER(S67)*S67>L67,"逾期完成",ISNUMBER(S67),"按期完成",L67>TODAY(),"待完成","逾期未完成")} -> 待完成 | AB67: {=_xlfn.SWITCH(TRUE,ISNUMBER(T67)*T67>M67,"逾期完成",ISNUMBER(T67),"按期完成",M67>TODAY(),"待完成","逾期未完成")} -> 待完成 | AC67: {=_xlfn.SWITCH(TRUE,ISNUMBER(U67)*U67>N67,"逾期完成",ISNUMBER(U67),"按期完成",N67>TODAY(),"待完成","逾期未完成")} -> 待完成 | AD67: {=_xlfn.SWITCH(TRUE,ISNUMBER(V67)*V67>O67,"逾期完成",ISNUMBER(V67),"按期完成",O67>TODAY(),"待完成","逾期未完成")} -> 待完成 | AE67: =IF(ISNUMBER(X67),"已获证","未获证") -> 未获证 | AF67: {=_xlfn.SWITCH(TRUE,ISNUMBER(W67)*W67>P67,"逾期完成",ISNUMBER(W67),"按期完成",P67>TODAY(),"待完成","逾期未完成")} -> 待完成 | AG67: 未完成 | AJ67: 低 | AK67: 杨姜 | AL67: 自研 | AM67: =IF(AND(OR(AB67="按期完成",AB67="逾期完成"),OR(AC67<>"待完成",AD67<>"待完成")),"批产,"&IF(OR(AC67="逾期完成",AC67="逾期未完成",AD67="逾期完成",AD67="逾期未完成"),"逾期","按期"),IF(AND(OR(Z67="按期完成",Z67="逾期完成"),OR(AA67<>"待完成",AB67<>"待完成")),"中试,"&IF(OR(AA67="逾期完成",AA67="逾期未完成",AB67="逾期完成",AB67="逾期未完成"),"逾期","按期"),IF(OR(Y67<>"待完成",Z67<>"待完成"),"送检,"&IF(OR(Y67="逾期完成",Y67="逾期未完成",Z67="逾期完成",Z67="逾期未完成"),"逾期","按期"),"未启动,未开始"))) -> 送检,按期 | AN67: =IF(OR(NOT(ISNUMBER(J67)),NOT(ISNUMBER(L67)),NOT(ISNUMBER(M67)),NOT(ISNUMBER(N67)),NOT(ISNUMBER(O67)),NOT(ISNUMBER(P67))),"暂无计划",IF(ISBLANK(Q67),IF(AND(J67-TODAY()>=0,J67-TODAY()<=10),"⚠️ 送检开始（还有"&ROUNDUP(J67-TODAY(),0)&"天，重点关注）",IF(J67>=TODAY(),"送检开始（还有"&ROUNDUP(J67-TODAY(),0)&"天）","送检开始（已超期"&ROUNDUP(TODAY()-J67,0)&"天）")),IF(ISBLANK(S67),IF(AND(L67-TODAY()>=0,L67-TODAY()<=10),"⚠️ 中试开始（还有"&ROUNDUP(L67-TODAY(),0)&"天，重点关注）",IF(L67>=TODAY(),"中试开始（还有"&ROUNDUP(L67-TODAY(),0)&"天）","中试开始（已超期"&ROUNDUP(TODAY()-L67,0)&"天）")),IF(ISBLANK(T67),IF(AND(M67-TODAY()>=0,M67-TODAY()<=10),"⚠️ 中试结束（还有"&ROUNDUP(M67-TODAY(),0)&"天，重点关注）",IF(M67>=TODAY(),"中试结束（还有"&ROUNDUP(M67-TODAY(),0)&"天）","中试结束（已超期"&ROUNDUP(TODAY()-M67,0)&"天）")),IF(ISBLANK(U67),IF(AND(N67-TODAY()>=0,N67-TODAY()<=10),"⚠️ 批产开始（还有"&ROUNDUP(N67-TODAY(),0)&"天，重点关注）",IF(N67>=TODAY(),"批产开始（还有"&ROUNDUP(N67-TODAY(),0)&"天）","批产开始（已超期"&ROUNDUP(TODAY()-N67,0)&"天）")),IF(ISBLANK(V67),IF(AND(O67-TODAY()>=0,O67-TODAY()<=10),"⚠️ 批产结束（还有"&ROUNDUP(O67-TODAY(),0)&"天，重点关注）",IF(O67>=TODAY(),"批产结束（还有"&ROUNDUP(O67-TODAY(),0)&"天）","批产结束（已超期"&ROUNDUP(TODAY()-O67,0)&"天）")),IF(ISBLANK(W67),IF(AND(P67-TODAY()>=0,P67-TODAY()<=10),"⚠️ 上市（还有"&ROUNDUP(P67-TODAY(),0)&"天，重点关注）",IF(P67>=TODAY(),"上市（还有"&ROUNDUP(P67-TODAY(),0)&"天）","上市（已超期"&ROUNDUP(TODAY()-P67,0)&"天）")),"已完成所有阶段"))))))) -> 中试开始（还有25天）
A68: 81 | B68: 智能疏散 | E68: Ⅰ型水晶吊牌标志灯具 | F68: EI-BZ-ACJ(E 1Ⅰ)-A2等 | G68: 3 | H68: - | I68: - | J68: 46162 | K68: 46254 | L68: 46203 | M68: =IF((L68+IF(AJ68="高",45,30))>P68,P68-30,L68+IF(AJ68="高",45,30)) -> 46233 | N68: =P68-IF(AJ68="高",50,30) -> 46235 | O68: =P68 -> 46265 | P68: 46265 | Q68: 46160 | Y68: {=_xlfn.SWITCH(TRUE,ISNUMBER(Q68)*Q68>J68,"逾期完成",ISNUMBER(Q68),"按期完成",J68>TODAY(),"待完成","逾期未完成")} -> 按期完成 | Z68: {=_xlfn.SWITCH(TRUE,ISNUMBER(R68)*R68>K68,"逾期完成",ISNUMBER(R68),"按期完成",K68>TODAY(),"待完成","逾期未完成")} -> 待完成 | AA68: {=_xlfn.SWITCH(TRUE,ISNUMBER(S68)*S68>L68,"逾期完成",ISNUMBER(S68),"按期完成",L68>TODAY(),"待完成","逾期未完成")} -> 待完成 | AB68: {=_xlfn.SWITCH(TRUE,ISNUMBER(T68)*T68>M68,"逾期完成",ISNUMBER(T68),"按期完成",M68>TODAY(),"待完成","逾期未完成")} -> 待完成 | AC68: {=_xlfn.SWITCH(TRUE,ISNUMBER(U68)*U68>N68,"逾期完成",ISNUMBER(U68),"按期完成",N68>TODAY(),"待完成","逾期未完成")} -> 待完成 | AD68: {=_xlfn.SWITCH(TRUE,ISNUMBER(V68)*V68>O68,"逾期完成",ISNUMBER(V68),"按期完成",O68>TODAY(),"待完成","逾期未完成")} -> 待完成 | AE68: =IF(ISNUMBER(X68),"已获证","未获证") -> 未获证 | AF68: {=_xlfn.SWITCH(TRUE,ISNUMBER(W68)*W68>P68,"逾期完成",ISNUMBER(W68),"按期完成",P68>TODAY(),"待完成","逾期未完成")} -> 待完成 | AG68: 未完成 | AJ68: 低 | AK68: 杨姜 | AL68: 自研 | AM68: =IF(AND(OR(AB68="按期完成",AB68="逾期完成"),OR(AC68<>"待完成",AD68<>"待完成")),"批产,"&IF(OR(AC68="逾期完成",AC68="逾期未完成",AD68="逾期完成",AD68="逾期未完成"),"逾期","按期"),IF(AND(OR(Z68="按期完成",Z68="逾期完成"),OR(AA68<>"待完成",AB68<>"待完成")),"中试,"&IF(OR(AA68="逾期完成",AA68="逾期未完成",AB68="逾期完成",AB68="逾期未完成"),"逾期","按期"),IF(OR(Y68<>"待完成",Z68<>"待完成"),"送检,"&IF(OR(Y68="逾期完成",Y68="逾期未完成",Z68="逾期完成",Z68="逾期未完成"),"逾期","按期"),"未启动,未开始"))) -> 送检,按期 | AN68: =IF(OR(NOT(ISNUMBER(J68)),NOT(ISNUMBER(L68)),NOT(ISNUMBER(M68)),NOT(ISNUMBER(N68)),NOT(ISNUMBER(O68)),NOT(ISNUMBER(P68))),"暂无计划",IF(ISBLANK(Q68),IF(AND(J68-TODAY()>=0,J68-TODAY()<=10),"⚠️ 送检开始（还有"&ROUNDUP(J68-TODAY(),0)&"天，重点关注）",IF(J68>=TODAY(),"送检开始（还有"&ROUNDUP(J68-TODAY(),0)&"天）","送检开始（已超期"&ROUNDUP(TODAY()-J68,0)&"天）")),IF(ISBLANK(S68),IF(AND(L68-TODAY()>=0,L68-TODAY()<=10),"⚠️ 中试开始（还有"&ROUNDUP(L68-TODAY(),0)&"天，重点关注）",IF(L68>=TODAY(),"中试开始（还有"&ROUNDUP(L68-TODAY(),0)&"天）","中试开始（已超期"&ROUNDUP(TODAY()-L68,0)&"天）")),IF(ISBLANK(T68),IF(AND(M68-TODAY()>=0,M68-TODAY()<=10),"⚠️ 中试结束（还有"&ROUNDUP(M68-TODAY(),0)&"天，重点关注）",IF(M68>=TODAY(),"中试结束（还有"&ROUNDUP(M68-TODAY(),0)&"天）","中试结束（已超期"&ROUNDUP(TODAY()-M68,0)&"天）")),IF(ISBLANK(U68),IF(AND(N68-TODAY()>=0,N68-TODAY()<=10),"⚠️ 批产开始（还有"&ROUNDUP(N68-TODAY(),0)&"天，重点关注）",IF(N68>=TODAY(),"批产开始（还有"&ROUNDUP(N68-TODAY(),0)&"天）","批产开始（已超期"&ROUNDUP(TODAY()-N68,0)&"天）")),IF(ISBLANK(V68),IF(AND(O68-TODAY()>=0,O68-TODAY()<=10),"⚠️ 批产结束（还有"&ROUNDUP(O68-TODAY(),0)&"天，重点关注）",IF(O68>=TODAY(),"批产结束（还有"&ROUNDUP(O68-TODAY(),0)&"天）","批产结束（已超期"&ROUNDUP(TODAY()-O68,0)&"天）")),IF(ISBLANK(W68),IF(AND(P68-TODAY()>=0,P68-TODAY()<=10),"⚠️ 上市（还有"&ROUNDUP(P68-TODAY(),0)&"天，重点关注）",IF(P68>=TODAY(),"上市（还有"&ROUNDUP(P68-TODAY(),0)&"天）","上市（已超期"&ROUNDUP(TODAY()-P68,0)&"天）")),"已完成所有阶段"))))))) -> 中试开始（还有25天）
